date,category,n_requests,TMAX,TMIN,PRCP,SNOW,weekday,is_weekend
2025-01-01,BUILDING,873,10.6,3.9,0.0,0.0,Wednesday,False
2025-01-01,FLOODING,40,10.6,3.9,0.0,0.0,Wednesday,False
2025-01-01,HEAT,951,10.6,3.9,0.0,0.0,Wednesday,False
2025-01-01,NOISE,5539,10.6,3.9,0.0,0.0,Wednesday,False
2025-01-01,OTHER,483,10.6,3.9,0.0,0.0,Wednesday,False
2025-01-01,PARKING,1987,10.6,3.9,0.0,0.0,Wednesday,False
2025-01-01,SANITATION,278,10.6,3.9,0.0,0.0,Wednesday,False
2025-01-01,SOCIAL,248,10.6,3.9,0.0,0.0,Wednesday,False
2025-01-01,STREET,474,10.6,3.9,0.0,0.0,Wednesday,False
2025-01-02,BUILDING,2021,6.1,0.6,0.0,0.0,Thursday,False
2025-01-02,FLOODING,69,6.1,0.6,0.0,0.0,Thursday,False
2025-01-02,HEAT,1709,6.1,0.6,0.0,0.0,Thursday,False
2025-01-02,NOISE,5480,6.1,0.6,0.0,0.0,Thursday,False
2025-01-02,OTHER,547,6.1,0.6,0.0,0.0,Thursday,False
2025-01-02,PARKING,2300,6.1,0.6,0.0,0.0,Thursday,False
2025-01-02,SANITATION,494,6.1,0.6,0.0,0.0,Thursday,False
2025-01-02,SNOW_ICE,2,6.1,0.6,0.0,0.0,Thursday,False
2025-01-02,SOCIAL,293,6.1,0.6,0.0,0.0,Thursday,False
2025-01-02,STREET,896,6.1,0.6,0.0,0.0,Thursday,False
2025-01-03,BUILDING,2000,3.9,-0.5,0.0,0.0,Friday,False
2025-01-03,FLOODING,67,3.9,-0.5,0.0,0.0,Friday,False
2025-01-03,HEAT,1645,3.9,-0.5,0.0,0.0,Friday,False
2025-01-03,NOISE,3542,3.9,-0.5,0.0,0.0,Friday,False
2025-01-03,OTHER,529,3.9,-0.5,0.0,0.0,Friday,False
2025-01-03,PARKING,2359,3.9,-0.5,0.0,0.0,Friday,False
2025-01-03,SANITATION,503,3.9,-0.5,0.0,0.0,Friday,False
2025-01-03,SNOW_ICE,5,3.9,-0.5,0.0,0.0,Friday,False
2025-01-03,SOCIAL,314,3.9,-0.5,0.0,0.0,Friday,False
2025-01-03,STREET,720,3.9,-0.5,0.0,0.0,Friday,False
2025-01-04,BUILDING,1304,0.6,-2.1,0.0,0.0,Saturday,True
2025-01-04,FLOODING,34,0.6,-2.1,0.0,0.0,Saturday,True
2025-01-04,HEAT,2349,0.6,-2.1,0.0,0.0,Saturday,True
2025-01-04,NOISE,4331,0.6,-2.1,0.0,0.0,Saturday,True
2025-01-04,OTHER,401,0.6,-2.1,0.0,0.0,Saturday,True
2025-01-04,PARKING,1966,0.6,-2.1,0.0,0.0,Saturday,True
2025-01-04,SANITATION,335,0.6,-2.1,0.0,0.0,Saturday,True
2025-01-04,SNOW_ICE,10,0.6,-2.1,0.0,0.0,Saturday,True
2025-01-04,SOCIAL,298,0.6,-2.1,0.0,0.0,Saturday,True
2025-01-04,STREET,431,0.6,-2.1,0.0,0.0,Saturday,True
2025-01-05,BUILDING,1140,0.6,-2.1,0.0,0.0,Sunday,True
2025-01-05,FLOODING,37,0.6,-2.1,0.0,0.0,Sunday,True
2025-01-05,HEAT,2217,0.6,-2.1,0.0,0.0,Sunday,True
2025-01-05,NOISE,6647,0.6,-2.1,0.0,0.0,Sunday,True
2025-01-05,OTHER,323,0.6,-2.1,0.0,0.0,Sunday,True
2025-01-05,PARKING,2105,0.6,-2.1,0.0,0.0,Sunday,True
2025-01-05,SANITATION,396,0.6,-2.1,0.0,0.0,Sunday,True
2025-01-05,SNOW_ICE,12,0.6,-2.1,0.0,0.0,Sunday,True
2025-01-05,SOCIAL,268,0.6,-2.1,0.0,0.0,Sunday,True
2025-01-05,STREET,429,0.6,-2.1,0.0,0.0,Sunday,True
2025-01-06,BUILDING,2353,-1.0,-5.5,2.0,23.0,Monday,False
2025-01-06,FLOODING,63,-1.0,-5.5,2.0,23.0,Monday,False
2025-01-06,HEAT,2515,-1.0,-5.5,2.0,23.0,Monday,False
2025-01-06,NOISE,4947,-1.0,-5.5,2.0,23.0,Monday,False
2025-01-06,OTHER,422,-1.0,-5.5,2.0,23.0,Monday,False
2025-01-06,PARKING,2072,-1.0,-5.5,2.0,23.0,Monday,False
2025-01-06,SANITATION,460,-1.0,-5.5,2.0,23.0,Monday,False
2025-01-06,SNOW_ICE,156,-1.0,-5.5,2.0,23.0,Monday,False
2025-01-06,SOCIAL,312,-1.0,-5.5,2.0,23.0,Monday,False
2025-01-06,STREET,841,-1.0,-5.5,2.0,23.0,Monday,False
2025-01-07,BUILDING,2656,0.6,-7.1,0.0,0.0,Tuesday,False
2025-01-07,FLOODING,44,0.6,-7.1,0.0,0.0,Tuesday,False
2025-01-07,HEAT,3692,0.6,-7.1,0.0,0.0,Tuesday,False
2025-01-07,NOISE,3788,0.6,-7.1,0.0,0.0,Tuesday,False
2025-01-07,OTHER,396,0.6,-7.1,0.0,0.0,Tuesday,False
2025-01-07,PARKING,2328,0.6,-7.1,0.0,0.0,Tuesday,False
2025-01-07,SANITATION,393,0.6,-7.1,0.0,0.0,Tuesday,False
2025-01-07,SNOW_ICE,362,0.6,-7.1,0.0,0.0,Tuesday,False
2025-01-07,SOCIAL,343,0.6,-7.1,0.0,0.0,Tuesday,False
2025-01-07,STREET,1021,0.6,-7.1,0.0,0.0,Tuesday,False
2025-01-08,BUILDING,2545,-1.0,-4.9,0.0,0.0,Wednesday,False
2025-01-08,FLOODING,52,-1.0,-4.9,0.0,0.0,Wednesday,False
2025-01-08,HEAT,3880,-1.0,-4.9,0.0,0.0,Wednesday,False
2025-01-08,NOISE,2552,-1.0,-4.9,0.0,0.0,Wednesday,False
2025-01-08,OTHER,461,-1.0,-4.9,0.0,0.0,Wednesday,False
2025-01-08,PARKING,2242,-1.0,-4.9,0.0,0.0,Wednesday,False
2025-01-08,SANITATION,403,-1.0,-4.9,0.0,0.0,Wednesday,False
2025-01-08,SNOW_ICE,51,-1.0,-4.9,0.0,0.0,Wednesday,False
2025-01-08,SOCIAL,280,-1.0,-4.9,0.0,0.0,Wednesday,False
2025-01-08,STREET,853,-1.0,-4.9,0.0,0.0,Wednesday,False
2025-01-09,BUILDING,2758,0.6,-5.5,0.0,0.0,Thursday,False
2025-01-09,FLOODING,45,0.6,-5.5,0.0,0.0,Thursday,False
2025-01-09,HEAT,3627,0.6,-5.5,0.0,0.0,Thursday,False
2025-01-09,NOISE,3956,0.6,-5.5,0.0,0.0,Thursday,False
2025-01-09,OTHER,429,0.6,-5.5,0.0,0.0,Thursday,False
2025-01-09,PARKING,2232,0.6,-5.5,0.0,0.0,Thursday,False
2025-01-09,SANITATION,519,0.6,-5.5,0.0,0.0,Thursday,False
2025-01-09,SNOW_ICE,36,0.6,-5.5,0.0,0.0,Thursday,False
2025-01-09,SOCIAL,283,0.6,-5.5,0.0,0.0,Thursday,False
2025-01-09,STREET,1021,0.6,-5.5,0.0,0.0,Thursday,False
2025-01-10,BUILDING,2170,3.9,-2.7,0.0,0.0,Friday,False
2025-01-10,FLOODING,53,3.9,-2.7,0.0,0.0,Friday,False
2025-01-10,HEAT,2108,3.9,-2.7,0.0,0.0,Friday,False
2025-01-10,NOISE,5362,3.9,-2.7,0.0,0.0,Friday,False
2025-01-10,OTHER,483,3.9,-2.7,0.0,0.0,Friday,False
2025-01-10,PARKING,2355,3.9,-2.7,0.0,0.0,Friday,False
2025-01-10,SANITATION,601,3.9,-2.7,0.0,0.0,Friday,False
2025-01-10,SNOW_ICE,19,3.9,-2.7,0.0,0.0,Friday,False
2025-01-10,SOCIAL,370,3.9,-2.7,0.0,0.0,Friday,False
2025-01-10,STREET,699,3.9,-2.7,0.0,0.0,Friday,False
2025-01-11,BUILDING,1217,2.2,-2.1,0.5,13.0,Saturday,True
2025-01-11,FLOODING,23,2.2,-2.1,0.5,13.0,Saturday,True
2025-01-11,HEAT,1445,2.2,-2.1,0.5,13.0,Saturday,True
2025-01-11,NOISE,5162,2.2,-2.1,0.5,13.0,Saturday,True
2025-01-11,OTHER,320,2.2,-2.1,0.5,13.0,Saturday,True
2025-01-11,PARKING,2085,2.2,-2.1,0.5,13.0,Saturday,True
2025-01-11,SANITATION,512,2.2,-2.1,0.5,13.0,Saturday,True
2025-01-11,SNOW_ICE,2,2.2,-2.1,0.5,13.0,Saturday,True
2025-01-11,SOCIAL,292,2.2,-2.1,0.5,13.0,Saturday,True
2025-01-11,STREET,362,2.2,-2.1,0.5,13.0,Saturday,True
2025-01-12,BUILDING,1057,5.6,-1.0,0.0,0.0,Sunday,True
2025-01-12,FLOODING,39,5.6,-1.0,0.0,0.0,Sunday,True
2025-01-12,HEAT,1348,5.6,-1.0,0.0,0.0,Sunday,True
2025-01-12,NOISE,5515,5.6,-1.0,0.0,0.0,Sunday,True
2025-01-12,OTHER,394,5.6,-1.0,0.0,0.0,Sunday,True
2025-01-12,PARKING,2117,5.6,-1.0,0.0,0.0,Sunday,True
2025-01-12,SANITATION,531,5.6,-1.0,0.0,0.0,Sunday,True
2025-01-12,SNOW_ICE,6,5.6,-1.0,0.0,0.0,Sunday,True
2025-01-12,SOCIAL,278,5.6,-1.0,0.0,0.0,Sunday,True
2025-01-12,STREET,471,5.6,-1.0,0.0,0.0,Sunday,True
2025-01-13,BUILDING,2198,5.6,0.6,0.0,0.0,Monday,False
2025-01-13,FLOODING,65,5.6,0.6,0.0,0.0,Monday,False
2025-01-13,HEAT,1499,5.6,0.6,0.0,0.0,Monday,False
2025-01-13,NOISE,4440,5.6,0.6,0.0,0.0,Monday,False
2025-01-13,OTHER,532,5.6,0.6,0.0,0.0,Monday,False
2025-01-13,PARKING,2476,5.6,0.6,0.0,0.0,Monday,False
2025-01-13,SANITATION,673,5.6,0.6,0.0,0.0,Monday,False
2025-01-13,SNOW_ICE,8,5.6,0.6,0.0,0.0,Monday,False
2025-01-13,SOCIAL,300,5.6,0.6,0.0,0.0,Monday,False
2025-01-13,STREET,858,5.6,0.6,0.0,0.0,Monday,False
2025-01-14,BUILDING,2218,1.7,-3.8,0.0,0.0,Tuesday,False
2025-01-14,FLOODING,55,1.7,-3.8,0.0,0.0,Tuesday,False
2025-01-14,HEAT,1923,1.7,-3.8,0.0,0.0,Tuesday,False
2025-01-14,NOISE,1135,1.7,-3.8,0.0,0.0,Tuesday,False
2025-01-14,OTHER,468,1.7,-3.8,0.0,0.0,Tuesday,False
2025-01-14,PARKING,2404,1.7,-3.8,0.0,0.0,Tuesday,False
2025-01-14,SANITATION,663,1.7,-3.8,0.0,0.0,Tuesday,False
2025-01-14,SNOW_ICE,8,1.7,-3.8,0.0,0.0,Tuesday,False
2025-01-14,SOCIAL,345,1.7,-3.8,0.0,0.0,Tuesday,False
2025-01-14,STREET,860,1.7,-3.8,0.0,0.0,Tuesday,False
2025-01-15,BUILDING,2265,0.0,-4.9,0.0,0.0,Wednesday,False
2025-01-15,FLOODING,55,0.0,-4.9,0.0,0.0,Wednesday,False
2025-01-15,HEAT,2241,0.0,-4.9,0.0,0.0,Wednesday,False
2025-01-15,NOISE,1040,0.0,-4.9,0.0,0.0,Wednesday,False
2025-01-15,OTHER,423,0.0,-4.9,0.0,0.0,Wednesday,False
2025-01-15,PARKING,2312,0.0,-4.9,0.0,0.0,Wednesday,False
2025-01-15,SANITATION,582,0.0,-4.9,0.0,0.0,Wednesday,False
2025-01-15,SNOW_ICE,9,0.0,-4.9,0.0,0.0,Wednesday,False
2025-01-15,SOCIAL,311,0.0,-4.9,0.0,0.0,Wednesday,False
2025-01-15,STREET,872,0.0,-4.9,0.0,0.0,Wednesday,False
2025-01-16,BUILDING,2149,-1.0,-4.9,0.0,0.0,Thursday,False
2025-01-16,FLOODING,58,-1.0,-4.9,0.0,0.0,Thursday,False
2025-01-16,HEAT,2084,-1.0,-4.9,0.0,0.0,Thursday,False
2025-01-16,NOISE,1150,-1.0,-4.9,0.0,0.0,Thursday,False
2025-01-16,OTHER,484,-1.0,-4.9,0.0,0.0,Thursday,False
2025-01-16,PARKING,2371,-1.0,-4.9,0.0,0.0,Thursday,False
2025-01-16,SANITATION,616,-1.0,-4.9,0.0,0.0,Thursday,False
2025-01-16,SNOW_ICE,16,-1.0,-4.9,0.0,0.0,Thursday,False
2025-01-16,SOCIAL,476,-1.0,-4.9,0.0,0.0,Thursday,False
2025-01-16,STREET,872,-1.0,-4.9,0.0,0.0,Thursday,False
2025-01-17,BUILDING,1921,5.6,-3.2,0.0,0.0,Friday,False
2025-01-17,FLOODING,54,5.6,-3.2,0.0,0.0,Friday,False
2025-01-17,HEAT,1587,5.6,-3.2,0.0,0.0,Friday,False
2025-01-17,NOISE,1311,5.6,-3.2,0.0,0.0,Friday,False
2025-01-17,OTHER,487,5.6,-3.2,0.0,0.0,Friday,False
2025-01-17,PARKING,2447,5.6,-3.2,0.0,0.0,Friday,False
2025-01-17,SANITATION,650,5.6,-3.2,0.0,0.0,Friday,False
2025-01-17,SNOW_ICE,11,5.6,-3.2,0.0,0.0,Friday,False
2025-01-17,SOCIAL,382,5.6,-3.2,0.0,0.0,Friday,False
2025-01-17,STREET,624,5.6,-3.2,0.0,0.0,Friday,False
2025-01-18,BUILDING,1082,7.8,1.7,2.3,0.0,Saturday,True
2025-01-18,FLOODING,43,7.8,1.7,2.3,0.0,Saturday,True
2025-01-18,HEAT,1308,7.8,1.7,2.3,0.0,Saturday,True
2025-01-18,NOISE,1826,7.8,1.7,2.3,0.0,Saturday,True
2025-01-18,OTHER,308,7.8,1.7,2.3,0.0,Saturday,True
2025-01-18,PARKING,2180,7.8,1.7,2.3,0.0,Saturday,True
2025-01-18,SANITATION,474,7.8,1.7,2.3,0.0,Saturday,True
2025-01-18,SNOW_ICE,4,7.8,1.7,2.3,0.0,Saturday,True
2025-01-18,SOCIAL,302,7.8,1.7,2.3,0.0,Saturday,True
2025-01-18,STREET,381,7.8,1.7,2.3,0.0,Saturday,True
2025-01-19,BUILDING,1084,5.0,-4.3,6.6,41.0,Sunday,True
2025-01-19,FLOODING,34,5.0,-4.3,6.6,41.0,Sunday,True
2025-01-19,HEAT,1530,5.0,-4.3,6.6,41.0,Sunday,True
2025-01-19,NOISE,1812,5.0,-4.3,6.6,41.0,Sunday,True
2025-01-19,OTHER,302,5.0,-4.3,6.6,41.0,Sunday,True
2025-01-19,PARKING,1970,5.0,-4.3,6.6,41.0,Sunday,True
2025-01-19,SANITATION,349,5.0,-4.3,6.6,41.0,Sunday,True
2025-01-19,SNOW_ICE,85,5.0,-4.3,6.6,41.0,Sunday,True
2025-01-19,SOCIAL,246,5.0,-4.3,6.6,41.0,Sunday,True
2025-01-19,STREET,358,5.0,-4.3,6.6,41.0,Sunday,True
2025-01-20,BUILDING,1491,-3.2,-8.2,0.0,0.0,Monday,False
2025-01-20,FLOODING,25,-3.2,-8.2,0.0,0.0,Monday,False
2025-01-20,HEAT,2787,-3.2,-8.2,0.0,0.0,Monday,False
2025-01-20,NOISE,1312,-3.2,-8.2,0.0,0.0,Monday,False
2025-01-20,OTHER,258,-3.2,-8.2,0.0,0.0,Monday,False
2025-01-20,PARKING,1490,-3.2,-8.2,0.0,0.0,Monday,False
2025-01-20,SANITATION,270,-3.2,-8.2,0.0,0.0,Monday,False
2025-01-20,SNOW_ICE,976,-3.2,-8.2,0.0,0.0,Monday,False
2025-01-20,SOCIAL,234,-3.2,-8.2,0.0,0.0,Monday,False
2025-01-20,STREET,469,-3.2,-8.2,0.0,0.0,Monday,False
2025-01-21,BUILDING,2735,-7.1,-11.6,0.0,0.0,Tuesday,False
2025-01-21,FLOODING,31,-7.1,-11.6,0.0,0.0,Tuesday,False
2025-01-21,HEAT,4862,-7.1,-11.6,0.0,0.0,Tuesday,False
2025-01-21,NOISE,1078,-7.1,-11.6,0.0,0.0,Tuesday,False
2025-01-21,OTHER,363,-7.1,-11.6,0.0,0.0,Tuesday,False
2025-01-21,PARKING,1891,-7.1,-11.6,0.0,0.0,Tuesday,False
2025-01-21,SANITATION,331,-7.1,-11.6,0.0,0.0,Tuesday,False
2025-01-21,SNOW_ICE,1386,-7.1,-11.6,0.0,0.0,Tuesday,False
2025-01-21,SOCIAL,279,-7.1,-11.6,0.0,0.0,Tuesday,False
2025-01-21,STREET,732,-7.1,-11.6,0.0,0.0,Tuesday,False
2025-01-22,BUILDING,2941,-6.6,-12.1,0.0,0.0,Wednesday,False
2025-01-22,FLOODING,38,-6.6,-12.1,0.0,0.0,Wednesday,False
2025-01-22,HEAT,4971,-6.6,-12.1,0.0,0.0,Wednesday,False
2025-01-22,NOISE,1056,-6.6,-12.1,0.0,0.0,Wednesday,False
2025-01-22,OTHER,449,-6.6,-12.1,0.0,0.0,Wednesday,False
2025-01-22,PARKING,1915,-6.6,-12.1,0.0,0.0,Wednesday,False
2025-01-22,SANITATION,329,-6.6,-12.1,0.0,0.0,Wednesday,False
2025-01-22,SNOW_ICE,904,-6.6,-12.1,0.0,0.0,Wednesday,False
2025-01-22,SOCIAL,263,-6.6,-12.1,0.0,0.0,Wednesday,False
2025-01-22,STREET,724,-6.6,-12.1,0.0,0.0,Wednesday,False
2025-01-23,BUILDING,2631,-2.1,-8.2,0.0,0.0,Thursday,False
2025-01-23,FLOODING,51,-2.1,-8.2,0.0,0.0,Thursday,False
2025-01-23,HEAT,3278,-2.1,-8.2,0.0,0.0,Thursday,False
2025-01-23,NOISE,1098,-2.1,-8.2,0.0,0.0,Thursday,False
2025-01-23,OTHER,452,-2.1,-8.2,0.0,0.0,Thursday,False
2025-01-23,PARKING,2032,-2.1,-8.2,0.0,0.0,Thursday,False
2025-01-23,SANITATION,342,-2.1,-8.2,0.0,0.0,Thursday,False
2025-01-23,SNOW_ICE,539,-2.1,-8.2,0.0,0.0,Thursday,False
2025-01-23,SOCIAL,296,-2.1,-8.2,0.0,0.0,Thursday,False
2025-01-23,STREET,696,-2.1,-8.2,0.0,0.0,Thursday,False
2025-01-24,BUILDING,2111,0.6,-4.9,0.0,0.0,Friday,False
2025-01-24,FLOODING,48,0.6,-4.9,0.0,0.0,Friday,False
2025-01-24,HEAT,2155,0.6,-4.9,0.0,0.0,Friday,False
2025-01-24,NOISE,3648,0.6,-4.9,0.0,0.0,Friday,False
2025-01-24,OTHER,420,0.6,-4.9,0.0,0.0,Friday,False
2025-01-24,PARKING,2170,0.6,-4.9,0.0,0.0,Friday,False
2025-01-24,SANITATION,559,0.6,-4.9,0.0,0.0,Friday,False
2025-01-24,SNOW_ICE,310,0.6,-4.9,0.0,0.0,Friday,False
2025-01-24,SOCIAL,285,0.6,-4.9,0.0,0.0,Friday,False
2025-01-24,STREET,541,0.6,-4.9,0.0,0.0,Friday,False
2025-01-25,BUILDING,1381,0.6,-6.6,0.0,0.0,Saturday,True
2025-01-25,FLOODING,44,0.6,-6.6,0.0,0.0,Saturday,True
2025-01-25,HEAT,2068,0.6,-6.6,0.0,0.0,Saturday,True
2025-01-25,NOISE,1730,0.6,-6.6,0.0,0.0,Saturday,True
2025-01-25,OTHER,319,0.6,-6.6,0.0,0.0,Saturday,True
2025-01-25,PARKING,2028,0.6,-6.6,0.0,0.0,Saturday,True
2025-01-25,SANITATION,404,0.6,-6.6,0.0,0.0,Saturday,True
2025-01-25,SNOW_ICE,116,0.6,-6.6,0.0,0.0,Saturday,True
2025-01-25,SOCIAL,222,0.6,-6.6,0.0,0.0,Saturday,True
2025-01-25,STREET,308,0.6,-6.6,0.0,0.0,Saturday,True
2025-01-26,BUILDING,1117,6.1,-0.5,0.0,0.0,Sunday,True
2025-01-26,FLOODING,42,6.1,-0.5,0.0,0.0,Sunday,True
2025-01-26,HEAT,1374,6.1,-0.5,0.0,0.0,Sunday,True
2025-01-26,NOISE,1783,6.1,-0.5,0.0,0.0,Sunday,True
2025-01-26,OTHER,295,6.1,-0.5,0.0,0.0,Sunday,True
2025-01-26,PARKING,2142,6.1,-0.5,0.0,0.0,Sunday,True
2025-01-26,SANITATION,426,6.1,-0.5,0.0,0.0,Sunday,True
2025-01-26,SNOW_ICE,48,6.1,-0.5,0.0,0.0,Sunday,True
2025-01-26,SOCIAL,225,6.1,-0.5,0.0,0.0,Sunday,True
2025-01-26,STREET,366,6.1,-0.5,0.0,0.0,Sunday,True
2025-01-27,BUILDING,2491,4.4,-0.5,0.0,0.0,Monday,False
2025-01-27,FLOODING,73,4.4,-0.5,0.0,0.0,Monday,False
2025-01-27,HEAT,1497,4.4,-0.5,0.0,0.0,Monday,False
2025-01-27,NOISE,1251,4.4,-0.5,0.0,0.0,Monday,False
2025-01-27,OTHER,497,4.4,-0.5,0.0,0.0,Monday,False
2025-01-27,PARKING,2304,4.4,-0.5,0.0,0.0,Monday,False
2025-01-27,SANITATION,543,4.4,-0.5,0.0,0.0,Monday,False
2025-01-27,SNOW_ICE,37,4.4,-0.5,0.0,0.0,Monday,False
2025-01-27,SOCIAL,286,4.4,-0.5,0.0,0.0,Monday,False
2025-01-27,STREET,788,4.4,-0.5,0.0,0.0,Monday,False
2025-01-28,BUILDING,2307,5.6,0.0,0.0,0.0,Tuesday,False
2025-01-28,FLOODING,38,5.6,0.0,0.0,0.0,Tuesday,False
2025-01-28,HEAT,1380,5.6,0.0,0.0,0.0,Tuesday,False
2025-01-28,NOISE,1174,5.6,0.0,0.0,0.0,Tuesday,False
2025-01-28,OTHER,588,5.6,0.0,0.0,0.0,Tuesday,False
2025-01-28,PARKING,2312,5.6,0.0,0.0,0.0,Tuesday,False
2025-01-28,SANITATION,634,5.6,0.0,0.0,0.0,Tuesday,False
2025-01-28,SNOW_ICE,16,5.6,0.0,0.0,0.0,Tuesday,False
2025-01-28,SOCIAL,314,5.6,0.0,0.0,0.0,Tuesday,False
2025-01-28,STREET,815,5.6,0.0,0.0,0.0,Tuesday,False
2025-01-29,BUILDING,2108,11.1,-0.5,0.0,0.0,Wednesday,False
2025-01-29,FLOODING,48,11.1,-0.5,0.0,0.0,Wednesday,False
2025-01-29,HEAT,1194,11.1,-0.5,0.0,0.0,Wednesday,False
2025-01-29,NOISE,1147,11.1,-0.5,0.0,0.0,Wednesday,False
2025-01-29,OTHER,461,11.1,-0.5,0.0,0.0,Wednesday,False
2025-01-29,PARKING,2141,11.1,-0.5,0.0,0.0,Wednesday,False
2025-01-29,SANITATION,618,11.1,-0.5,0.0,0.0,Wednesday,False
2025-01-29,SNOW_ICE,12,11.1,-0.5,0.0,0.0,Wednesday,False
2025-01-29,SOCIAL,353,11.1,-0.5,0.0,0.0,Wednesday,False
2025-01-29,STREET,807,11.1,-0.5,0.0,0.0,Wednesday,False
2025-01-30,BUILDING,2156,3.3,-3.8,0.0,0.0,Thursday,False
2025-01-30,FLOODING,49,3.3,-3.8,0.0,0.0,Thursday,False
2025-01-30,HEAT,1461,3.3,-3.8,0.0,0.0,Thursday,False
2025-01-30,NOISE,1152,3.3,-3.8,0.0,0.0,Thursday,False
2025-01-30,OTHER,558,3.3,-3.8,0.0,0.0,Thursday,False
2025-01-30,PARKING,2323,3.3,-3.8,0.0,0.0,Thursday,False
2025-01-30,SANITATION,620,3.3,-3.8,0.0,0.0,Thursday,False
2025-01-30,SNOW_ICE,14,3.3,-3.8,0.0,0.0,Thursday,False
2025-01-30,SOCIAL,356,3.3,-3.8,0.0,0.0,Thursday,False
2025-01-30,STREET,896,3.3,-3.8,0.0,0.0,Thursday,False
2025-01-31,BUILDING,1807,8.9,2.2,4.1,0.0,Friday,False
2025-01-31,FLOODING,51,8.9,2.2,4.1,0.0,Friday,False
2025-01-31,HEAT,1008,8.9,2.2,4.1,0.0,Friday,False
2025-01-31,NOISE,1286,8.9,2.2,4.1,0.0,Friday,False
2025-01-31,OTHER,433,8.9,2.2,4.1,0.0,Friday,False
2025-01-31,PARKING,2377,8.9,2.2,4.1,0.0,Friday,False
2025-01-31,SANITATION,612,8.9,2.2,4.1,0.0,Friday,False
2025-01-31,SNOW_ICE,1,8.9,2.2,4.1,0.0,Friday,False
2025-01-31,SOCIAL,315,8.9,2.2,4.1,0.0,Friday,False
2025-01-31,STREET,929,8.9,2.2,4.1,0.0,Friday,False
2025-02-01,BUILDING,1209,8.9,-6.0,0.0,0.0,Saturday,True
2025-02-01,FLOODING,43,8.9,-6.0,0.0,0.0,Saturday,True
2025-02-01,HEAT,1348,8.9,-6.0,0.0,0.0,Saturday,True
2025-02-01,NOISE,1871,8.9,-6.0,0.0,0.0,Saturday,True
2025-02-01,OTHER,325,8.9,-6.0,0.0,0.0,Saturday,True
2025-02-01,PARKING,2098,8.9,-6.0,0.0,0.0,Saturday,True
2025-02-01,SANITATION,457,8.9,-6.0,0.0,0.0,Saturday,True
2025-02-01,SNOW_ICE,1,8.9,-6.0,0.0,0.0,Saturday,True
2025-02-01,SOCIAL,313,8.9,-6.0,0.0,0.0,Saturday,True
2025-02-01,STREET,442,8.9,-6.0,0.0,0.0,Saturday,True
2025-02-02,BUILDING,988,-0.5,-8.2,2.8,25.0,Sunday,True
2025-02-02,FLOODING,39,-0.5,-8.2,2.8,25.0,Sunday,True
2025-02-02,HEAT,2048,-0.5,-8.2,2.8,25.0,Sunday,True
2025-02-02,NOISE,1738,-0.5,-8.2,2.8,25.0,Sunday,True
2025-02-02,OTHER,371,-0.5,-8.2,2.8,25.0,Sunday,True
2025-02-02,PARKING,2040,-0.5,-8.2,2.8,25.0,Sunday,True
2025-02-02,SANITATION,391,-0.5,-8.2,2.8,25.0,Sunday,True
2025-02-02,SNOW_ICE,23,-0.5,-8.2,2.8,25.0,Sunday,True
2025-02-02,SOCIAL,217,-0.5,-8.2,2.8,25.0,Sunday,True
2025-02-02,STREET,401,-0.5,-8.2,2.8,25.0,Sunday,True
2025-02-03,BUILDING,2083,9.4,-0.5,0.0,0.0,Monday,False
2025-02-03,FLOODING,64,9.4,-0.5,0.0,0.0,Monday,False
2025-02-03,HEAT,1333,9.4,-0.5,0.0,0.0,Monday,False
2025-02-03,NOISE,1183,9.4,-0.5,0.0,0.0,Monday,False
2025-02-03,OTHER,509,9.4,-0.5,0.0,0.0,Monday,False
2025-02-03,PARKING,2271,9.4,-0.5,0.0,0.0,Monday,False
2025-02-03,SANITATION,570,9.4,-0.5,0.0,0.0,Monday,False
2025-02-03,SNOW_ICE,35,9.4,-0.5,0.0,0.0,Monday,False
2025-02-03,SOCIAL,349,9.4,-0.5,0.0,0.0,Monday,False
2025-02-03,STREET,900,9.4,-0.5,0.0,0.0,Monday,False
2025-02-04,BUILDING,2032,8.3,-1.0,0.0,0.0,Tuesday,False
2025-02-04,FLOODING,51,8.3,-1.0,0.0,0.0,Tuesday,False
2025-02-04,HEAT,1350,8.3,-1.0,0.0,0.0,Tuesday,False
2025-02-04,NOISE,2127,8.3,-1.0,0.0,0.0,Tuesday,False
2025-02-04,OTHER,481,8.3,-1.0,0.0,0.0,Tuesday,False
2025-02-04,PARKING,2342,8.3,-1.0,0.0,0.0,Tuesday,False
2025-02-04,SANITATION,624,8.3,-1.0,0.0,0.0,Tuesday,False
2025-02-04,SNOW_ICE,2,8.3,-1.0,0.0,0.0,Tuesday,False
2025-02-04,SOCIAL,321,8.3,-1.0,0.0,0.0,Tuesday,False
2025-02-04,STREET,899,8.3,-1.0,0.0,0.0,Tuesday,False
2025-02-05,BUILDING,2001,2.2,-3.2,0.0,0.0,Wednesday,False
2025-02-05,FLOODING,60,2.2,-3.2,0.0,0.0,Wednesday,False
2025-02-05,HEAT,1648,2.2,-3.2,0.0,0.0,Wednesday,False
2025-02-05,NOISE,1335,2.2,-3.2,0.0,0.0,Wednesday,False
2025-02-05,OTHER,529,2.2,-3.2,0.0,0.0,Wednesday,False
2025-02-05,PARKING,2357,2.2,-3.2,0.0,0.0,Wednesday,False
2025-02-05,SANITATION,575,2.2,-3.2,0.0,0.0,Wednesday,False
2025-02-05,SNOW_ICE,5,2.2,-3.2,0.0,0.0,Wednesday,False
2025-02-05,SOCIAL,356,2.2,-3.2,0.0,0.0,Wednesday,False
2025-02-05,STREET,796,2.2,-3.2,0.0,0.0,Wednesday,False
2025-02-06,BUILDING,1753,3.3,-1.0,8.6,13.0,Thursday,False
2025-02-06,FLOODING,74,3.3,-1.0,8.6,13.0,Thursday,False
2025-02-06,HEAT,1532,3.3,-1.0,8.6,13.0,Thursday,False
2025-02-06,NOISE,1088,3.3,-1.0,8.6,13.0,Thursday,False
2025-02-06,OTHER,438,3.3,-1.0,8.6,13.0,Thursday,False
2025-02-06,PARKING,1997,3.3,-1.0,8.6,13.0,Thursday,False
2025-02-06,SANITATION,453,3.3,-1.0,8.6,13.0,Thursday,False
2025-02-06,SNOW_ICE,12,3.3,-1.0,8.6,13.0,Thursday,False
2025-02-06,SOCIAL,308,3.3,-1.0,8.6,13.0,Thursday,False
2025-02-06,STREET,1091,3.3,-1.0,8.6,13.0,Thursday,False
2025-02-07,BUILDING,1668,6.1,-1.0,0.0,0.0,Friday,False
2025-02-07,FLOODING,72,6.1,-1.0,0.0,0.0,Friday,False
2025-02-07,HEAT,1133,6.1,-1.0,0.0,0.0,Friday,False
2025-02-07,NOISE,1412,6.1,-1.0,0.0,0.0,Friday,False
2025-02-07,OTHER,542,6.1,-1.0,0.0,0.0,Friday,False
2025-02-07,PARKING,2377,6.1,-1.0,0.0,0.0,Friday,False
2025-02-07,SANITATION,642,6.1,-1.0,0.0,0.0,Friday,False
2025-02-07,SNOW_ICE,1,6.1,-1.0,0.0,0.0,Friday,False
2025-02-07,SOCIAL,340,6.1,-1.0,0.0,0.0,Friday,False
2025-02-07,STREET,757,6.1,-1.0,0.0,0.0,Friday,False
2025-02-08,BUILDING,1039,1.7,-3.2,15.5,76.0,Saturday,True
2025-02-08,FLOODING,48,1.7,-3.2,15.5,76.0,Saturday,True
2025-02-08,HEAT,1555,1.7,-3.2,15.5,76.0,Saturday,True
2025-02-08,NOISE,1690,1.7,-3.2,15.5,76.0,Saturday,True
2025-02-08,OTHER,384,1.7,-3.2,15.5,76.0,Saturday,True
2025-02-08,PARKING,2045,1.7,-3.2,15.5,76.0,Saturday,True
2025-02-08,SANITATION,445,1.7,-3.2,15.5,76.0,Saturday,True
2025-02-08,SNOW_ICE,47,1.7,-3.2,15.5,76.0,Saturday,True
2025-02-08,SOCIAL,239,1.7,-3.2,15.5,76.0,Saturday,True
2025-02-08,STREET,429,1.7,-3.2,15.5,76.0,Saturday,True
2025-02-09,BUILDING,944,2.2,-1.0,1.5,3.0,Sunday,True
2025-02-09,FLOODING,63,2.2,-1.0,1.5,3.0,Sunday,True
2025-02-09,HEAT,1283,2.2,-1.0,1.5,3.0,Sunday,True
2025-02-09,NOISE,1519,2.2,-1.0,1.5,3.0,Sunday,True
2025-02-09,OTHER,312,2.2,-1.0,1.5,3.0,Sunday,True
2025-02-09,PARKING,2016,2.2,-1.0,1.5,3.0,Sunday,True
2025-02-09,SANITATION,194,2.2,-1.0,1.5,3.0,Sunday,True
2025-02-09,SNOW_ICE,974,2.2,-1.0,1.5,3.0,Sunday,True
2025-02-09,SOCIAL,220,2.2,-1.0,1.5,3.0,Sunday,True
2025-02-09,STREET,632,2.2,-1.0,1.5,3.0,Sunday,True
2025-02-10,BUILDING,2020,2.8,-1.6,0.0,0.0,Monday,False
2025-02-10,FLOODING,62,2.8,-1.6,0.0,0.0,Monday,False
2025-02-10,HEAT,1412,2.8,-1.6,0.0,0.0,Monday,False
2025-02-10,NOISE,1164,2.8,-1.6,0.0,0.0,Monday,False
2025-02-10,OTHER,502,2.8,-1.6,0.0,0.0,Monday,False
2025-02-10,PARKING,2280,2.8,-1.6,0.0,0.0,Monday,False
2025-02-10,SANITATION,367,2.8,-1.6,0.0,0.0,Monday,False
2025-02-10,SNOW_ICE,1080,2.8,-1.6,0.0,0.0,Monday,False
2025-02-10,SOCIAL,316,2.8,-1.6,0.0,0.0,Monday,False
2025-02-10,STREET,830,2.8,-1.6,0.0,0.0,Monday,False
2025-02-11,BUILDING,1801,1.7,-2.1,3.0,30.0,Tuesday,False
2025-02-11,FLOODING,56,1.7,-2.1,3.0,30.0,Tuesday,False
2025-02-11,HEAT,1583,1.7,-2.1,3.0,30.0,Tuesday,False
2025-02-11,NOISE,1067,1.7,-2.1,3.0,30.0,Tuesday,False
2025-02-11,OTHER,500,1.7,-2.1,3.0,30.0,Tuesday,False
2025-02-11,PARKING,2273,1.7,-2.1,3.0,30.0,Tuesday,False
2025-02-11,SANITATION,377,1.7,-2.1,3.0,30.0,Tuesday,False
2025-02-11,SNOW_ICE,292,1.7,-2.1,3.0,30.0,Tuesday,False
2025-02-11,SOCIAL,270,1.7,-2.1,3.0,30.0,Tuesday,False
2025-02-11,STREET,731,1.7,-2.1,3.0,30.0,Tuesday,False
2025-02-12,BUILDING,1965,2.2,-0.5,2.8,10.0,Wednesday,False
2025-02-12,FLOODING,56,2.2,-0.5,2.8,10.0,Wednesday,False
2025-02-12,HEAT,1574,2.2,-0.5,2.8,10.0,Wednesday,False
2025-02-12,NOISE,1041,2.2,-0.5,2.8,10.0,Wednesday,False
2025-02-12,OTHER,518,2.2,-0.5,2.8,10.0,Wednesday,False
2025-02-12,PARKING,2362,2.2,-0.5,2.8,10.0,Wednesday,False
2025-02-12,SANITATION,270,2.2,-0.5,2.8,10.0,Wednesday,False
2025-02-12,SNOW_ICE,131,2.2,-0.5,2.8,10.0,Wednesday,False
2025-02-12,SOCIAL,230,2.2,-0.5,2.8,10.0,Wednesday,False
2025-02-12,STREET,833,2.2,-0.5,2.8,10.0,Wednesday,False
2025-02-13,BUILDING,1866,7.8,1.7,3.8,0.0,Thursday,False
2025-02-13,FLOODING,53,7.8,1.7,3.8,0.0,Thursday,False
2025-02-13,HEAT,1268,7.8,1.7,3.8,0.0,Thursday,False
2025-02-13,NOISE,1211,7.8,1.7,3.8,0.0,Thursday,False
2025-02-13,OTHER,523,7.8,1.7,3.8,0.0,Thursday,False
2025-02-13,PARKING,2600,7.8,1.7,3.8,0.0,Thursday,False
2025-02-13,SANITATION,397,7.8,1.7,3.8,0.0,Thursday,False
2025-02-13,SNOW_ICE,36,7.8,1.7,3.8,0.0,Thursday,False
2025-02-13,SOCIAL,282,7.8,1.7,3.8,0.0,Thursday,False
2025-02-13,STREET,1071,7.8,1.7,3.8,0.0,Thursday,False
2025-02-14,BUILDING,1888,2.2,-1.6,0.0,0.0,Friday,False
2025-02-14,FLOODING,42,2.2,-1.6,0.0,0.0,Friday,False
2025-02-14,HEAT,1284,2.2,-1.6,0.0,0.0,Friday,False
2025-02-14,NOISE,1451,2.2,-1.6,0.0,0.0,Friday,False
2025-02-14,OTHER,488,2.2,-1.6,0.0,0.0,Friday,False
2025-02-14,PARKING,2379,2.2,-1.6,0.0,0.0,Friday,False
2025-02-14,SANITATION,372,2.2,-1.6,0.0,0.0,Friday,False
2025-02-14,SNOW_ICE,15,2.2,-1.6,0.0,0.0,Friday,False
2025-02-14,SOCIAL,315,2.2,-1.6,0.0,0.0,Friday,False
2025-02-14,STREET,768,2.2,-1.6,0.0,0.0,Friday,False
2025-02-15,BUILDING,1109,1.7,-2.1,7.9,13.0,Saturday,True
2025-02-15,FLOODING,41,1.7,-2.1,7.9,13.0,Saturday,True
2025-02-15,HEAT,1388,1.7,-2.1,7.9,13.0,Saturday,True
2025-02-15,NOISE,1592,1.7,-2.1,7.9,13.0,Saturday,True
2025-02-15,OTHER,308,1.7,-2.1,7.9,13.0,Saturday,True
2025-02-15,PARKING,2227,1.7,-2.1,7.9,13.0,Saturday,True
2025-02-15,SANITATION,250,1.7,-2.1,7.9,13.0,Saturday,True
2025-02-15,SNOW_ICE,2,1.7,-2.1,7.9,13.0,Saturday,True
2025-02-15,SOCIAL,221,1.7,-2.1,7.9,13.0,Saturday,True
2025-02-15,STREET,452,1.7,-2.1,7.9,13.0,Saturday,True
2025-02-16,BUILDING,1140,8.3,0.6,19.6,0.0,Sunday,True
2025-02-16,FLOODING,132,8.3,0.6,19.6,0.0,Sunday,True
2025-02-16,HEAT,1191,8.3,0.6,19.6,0.0,Sunday,True
2025-02-16,NOISE,1474,8.3,0.6,19.6,0.0,Sunday,True
2025-02-16,OTHER,214,8.3,0.6,19.6,0.0,Sunday,True
2025-02-16,PARKING,1950,8.3,0.6,19.6,0.0,Sunday,True
2025-02-16,SANITATION,200,8.3,0.6,19.6,0.0,Sunday,True
2025-02-16,SNOW_ICE,1,8.3,0.6,19.6,0.0,Sunday,True
2025-02-16,SOCIAL,196,8.3,0.6,19.6,0.0,Sunday,True
2025-02-16,STREET,954,8.3,0.6,19.6,0.0,Sunday,True
2025-02-17,BUILDING,1765,2.2,-3.2,0.0,0.0,Monday,False
2025-02-17,FLOODING,76,2.2,-3.2,0.0,0.0,Monday,False
2025-02-17,HEAT,1946,2.2,-3.2,0.0,0.0,Monday,False
2025-02-17,NOISE,1160,2.2,-3.2,0.0,0.0,Monday,False
2025-02-17,OTHER,321,2.2,-3.2,0.0,0.0,Monday,False
2025-02-17,PARKING,1926,2.2,-3.2,0.0,0.0,Monday,False
2025-02-17,SANITATION,435,2.2,-3.2,0.0,0.0,Monday,False
2025-02-17,SNOW_ICE,33,2.2,-3.2,0.0,0.0,Monday,False
2025-02-17,SOCIAL,280,2.2,-3.2,0.0,0.0,Monday,False
2025-02-17,STREET,1273,2.2,-3.2,0.0,0.0,Monday,False
2025-02-18,BUILDING,2065,-2.7,-7.1,0.0,0.0,Tuesday,False
2025-02-18,FLOODING,57,-2.7,-7.1,0.0,0.0,Tuesday,False
2025-02-18,HEAT,2536,-2.7,-7.1,0.0,0.0,Tuesday,False
2025-02-18,NOISE,1702,-2.7,-7.1,0.0,0.0,Tuesday,False
2025-02-18,OTHER,392,-2.7,-7.1,0.0,0.0,Tuesday,False
2025-02-18,PARKING,2048,-2.7,-7.1,0.0,0.0,Tuesday,False
2025-02-18,SANITATION,437,-2.7,-7.1,0.0,0.0,Tuesday,False
2025-02-18,SNOW_ICE,35,-2.7,-7.1,0.0,0.0,Tuesday,False
2025-02-18,SOCIAL,306,-2.7,-7.1,0.0,0.0,Tuesday,False
2025-02-18,STREET,1110,-2.7,-7.1,0.0,0.0,Tuesday,False
2025-02-19,BUILDING,2110,-1.0,-8.2,0.0,0.0,Wednesday,False
2025-02-19,FLOODING,63,-1.0,-8.2,0.0,0.0,Wednesday,False
2025-02-19,HEAT,2401,-1.0,-8.2,0.0,0.0,Wednesday,False
2025-02-19,NOISE,2512,-1.0,-8.2,0.0,0.0,Wednesday,False
2025-02-19,OTHER,375,-1.0,-8.2,0.0,0.0,Wednesday,False
2025-02-19,PARKING,2060,-1.0,-8.2,0.0,0.0,Wednesday,False
2025-02-19,SANITATION,477,-1.0,-8.2,0.0,0.0,Wednesday,False
2025-02-19,SNOW_ICE,39,-1.0,-8.2,0.0,0.0,Wednesday,False
2025-02-19,SOCIAL,359,-1.0,-8.2,0.0,0.0,Wednesday,False
2025-02-19,STREET,1032,-1.0,-8.2,0.0,0.0,Wednesday,False
2025-02-20,BUILDING,2212,-1.6,-7.7,0.3,10.0,Thursday,False
2025-02-20,FLOODING,55,-1.6,-7.7,0.3,10.0,Thursday,False
2025-02-20,HEAT,2131,-1.6,-7.7,0.3,10.0,Thursday,False
2025-02-20,NOISE,1182,-1.6,-7.7,0.3,10.0,Thursday,False
2025-02-20,OTHER,409,-1.6,-7.7,0.3,10.0,Thursday,False
2025-02-20,PARKING,2092,-1.6,-7.7,0.3,10.0,Thursday,False
2025-02-20,SANITATION,387,-1.6,-7.7,0.3,10.0,Thursday,False
2025-02-20,SNOW_ICE,27,-1.6,-7.7,0.3,10.0,Thursday,False
2025-02-20,SOCIAL,501,-1.6,-7.7,0.3,10.0,Thursday,False
2025-02-20,STREET,948,-1.6,-7.7,0.3,10.0,Thursday,False
2025-02-21,BUILDING,1875,1.7,-6.0,0.0,0.0,Friday,False
2025-02-21,FLOODING,56,1.7,-6.0,0.0,0.0,Friday,False
2025-02-21,HEAT,1956,1.7,-6.0,0.0,0.0,Friday,False
2025-02-21,NOISE,1324,1.7,-6.0,0.0,0.0,Friday,False
2025-02-21,OTHER,464,1.7,-6.0,0.0,0.0,Friday,False
2025-02-21,PARKING,1980,1.7,-6.0,0.0,0.0,Friday,False
2025-02-21,SANITATION,503,1.7,-6.0,0.0,0.0,Friday,False
2025-02-21,SNOW_ICE,12,1.7,-6.0,0.0,0.0,Friday,False
2025-02-21,SOCIAL,326,1.7,-6.0,0.0,0.0,Friday,False
2025-02-21,STREET,689,1.7,-6.0,0.0,0.0,Friday,False
2025-02-22,BUILDING,1338,4.4,-6.0,0.0,0.0,Saturday,True
2025-02-22,FLOODING,32,4.4,-6.0,0.0,0.0,Saturday,True
2025-02-22,HEAT,1430,4.4,-6.0,0.0,0.0,Saturday,True
2025-02-22,NOISE,2235,4.4,-6.0,0.0,0.0,Saturday,True
2025-02-22,OTHER,285,4.4,-6.0,0.0,0.0,Saturday,True
2025-02-22,PARKING,2272,4.4,-6.0,0.0,0.0,Saturday,True
2025-02-22,SANITATION,418,4.4,-6.0,0.0,0.0,Saturday,True
2025-02-22,SNOW_ICE,11,4.4,-6.0,0.0,0.0,Saturday,True
2025-02-22,SOCIAL,239,4.4,-6.0,0.0,0.0,Saturday,True
2025-02-22,STREET,438,4.4,-6.0,0.0,0.0,Saturday,True
2025-02-23,BUILDING,1003,7.8,0.6,0.0,0.0,Sunday,True
2025-02-23,FLOODING,43,7.8,0.6,0.0,0.0,Sunday,True
2025-02-23,HEAT,1111,7.8,0.6,0.0,0.0,Sunday,True
2025-02-23,NOISE,2766,7.8,0.6,0.0,0.0,Sunday,True
2025-02-23,OTHER,377,7.8,0.6,0.0,0.0,Sunday,True
2025-02-23,PARKING,2359,7.8,0.6,0.0,0.0,Sunday,True
2025-02-23,SANITATION,503,7.8,0.6,0.0,0.0,Sunday,True
2025-02-23,SNOW_ICE,2,7.8,0.6,0.0,0.0,Sunday,True
2025-02-23,SOCIAL,305,7.8,0.6,0.0,0.0,Sunday,True
2025-02-23,STREET,490,7.8,0.6,0.0,0.0,Sunday,True
2025-02-24,BUILDING,2305,9.4,1.7,0.0,0.0,Monday,False
2025-02-24,FLOODING,65,9.4,1.7,0.0,0.0,Monday,False
2025-02-24,HEAT,1159,9.4,1.7,0.0,0.0,Monday,False
2025-02-24,NOISE,1393,9.4,1.7,0.0,0.0,Monday,False
2025-02-24,OTHER,539,9.4,1.7,0.0,0.0,Monday,False
2025-02-24,PARKING,2595,9.4,1.7,0.0,0.0,Monday,False
2025-02-24,SANITATION,635,9.4,1.7,0.0,0.0,Monday,False
2025-02-24,SNOW_ICE,1,9.4,1.7,0.0,0.0,Monday,False
2025-02-24,SOCIAL,341,9.4,1.7,0.0,0.0,Monday,False
2025-02-24,STREET,1072,9.4,1.7,0.0,0.0,Monday,False
2025-02-25,BUILDING,1978,13.9,6.1,0.0,0.0,Tuesday,False
2025-02-25,FLOODING,55,13.9,6.1,0.0,0.0,Tuesday,False
2025-02-25,HEAT,880,13.9,6.1,0.0,0.0,Tuesday,False
2025-02-25,NOISE,1287,13.9,6.1,0.0,0.0,Tuesday,False
2025-02-25,OTHER,491,13.9,6.1,0.0,0.0,Tuesday,False
2025-02-25,PARKING,2793,13.9,6.1,0.0,0.0,Tuesday,False
2025-02-25,SANITATION,705,13.9,6.1,0.0,0.0,Tuesday,False
2025-02-25,SOCIAL,393,13.9,6.1,0.0,0.0,Tuesday,False
2025-02-25,STREET,1090,13.9,6.1,0.0,0.0,Tuesday,False
2025-02-26,BUILDING,1855,13.3,6.1,0.0,0.0,Wednesday,False
2025-02-26,FLOODING,57,13.3,6.1,0.0,0.0,Wednesday,False
2025-02-26,HEAT,778,13.3,6.1,0.0,0.0,Wednesday,False
2025-02-26,NOISE,1306,13.3,6.1,0.0,0.0,Wednesday,False
2025-02-26,OTHER,567,13.3,6.1,0.0,0.0,Wednesday,False
2025-02-26,PARKING,2504,13.3,6.1,0.0,0.0,Wednesday,False
2025-02-26,SANITATION,667,13.3,6.1,0.0,0.0,Wednesday,False
2025-02-26,SOCIAL,390,13.3,6.1,0.0,0.0,Wednesday,False
2025-02-26,STREET,984,13.3,6.1,0.0,0.0,Wednesday,False
2025-02-27,BUILDING,1826,12.2,6.7,0.3,0.0,Thursday,False
2025-02-27,FLOODING,63,12.2,6.7,0.3,0.0,Thursday,False
2025-02-27,HEAT,794,12.2,6.7,0.3,0.0,Thursday,False
2025-02-27,NOISE,1221,12.2,6.7,0.3,0.0,Thursday,False
2025-02-27,OTHER,501,12.2,6.7,0.3,0.0,Thursday,False
2025-02-27,PARKING,2524,12.2,6.7,0.3,0.0,Thursday,False
2025-02-27,SANITATION,702,12.2,6.7,0.3,0.0,Thursday,False
2025-02-27,SOCIAL,418,12.2,6.7,0.3,0.0,Thursday,False
2025-02-27,STREET,886,12.2,6.7,0.3,0.0,Thursday,False
2025-02-28,BUILDING,1710,10.6,5.0,0.0,0.0,Friday,False
2025-02-28,FLOODING,61,10.6,5.0,0.0,0.0,Friday,False
2025-02-28,HEAT,779,10.6,5.0,0.0,0.0,Friday,False
2025-02-28,NOISE,1456,10.6,5.0,0.0,0.0,Friday,False
2025-02-28,OTHER,561,10.6,5.0,0.0,0.0,Friday,False
2025-02-28,PARKING,2536,10.6,5.0,0.0,0.0,Friday,False
2025-02-28,SANITATION,605,10.6,5.0,0.0,0.0,Friday,False
2025-02-28,SOCIAL,366,10.6,5.0,0.0,0.0,Friday,False
2025-02-28,STREET,720,10.6,5.0,0.0,0.0,Friday,False
2025-07-01,BUILDING,2909,31.7,22.2,10.9,0.0,Tuesday,False
2025-07-01,FLOODING,63,31.7,22.2,10.9,0.0,Tuesday,False
2025-07-01,HEAT,125,31.7,22.2,10.9,0.0,Tuesday,False
2025-07-01,NOISE,1141,31.7,22.2,10.9,0.0,Tuesday,False
2025-07-01,OTHER,682,31.7,22.2,10.9,0.0,Tuesday,False
2025-07-01,PARKING,2349,31.7,22.2,10.9,0.0,Tuesday,False
2025-07-01,SANITATION,836,31.7,22.2,10.9,0.0,Tuesday,False
2025-07-01,SOCIAL,642,31.7,22.2,10.9,0.0,Tuesday,False
2025-07-01,STREET,1173,31.7,22.2,10.9,0.0,Tuesday,False
2025-07-02,BUILDING,2473,28.9,21.7,0.8,0.0,Wednesday,False
2025-07-02,FLOODING,92,28.9,21.7,0.8,0.0,Wednesday,False
2025-07-02,HEAT,139,28.9,21.7,0.8,0.0,Wednesday,False
2025-07-02,NOISE,1457,28.9,21.7,0.8,0.0,Wednesday,False
2025-07-02,OTHER,824,28.9,21.7,0.8,0.0,Wednesday,False
2025-07-02,PARKING,2356,28.9,21.7,0.8,0.0,Wednesday,False
2025-07-02,SANITATION,924,28.9,21.7,0.8,0.0,Wednesday,False
2025-07-02,SOCIAL,810,28.9,21.7,0.8,0.0,Wednesday,False
2025-07-02,STREET,1165,28.9,21.7,0.8,0.0,Wednesday,False
2025-07-03,BUILDING,2280,31.1,20.6,0.0,0.0,Thursday,False
2025-07-03,FLOODING,75,31.1,20.6,0.0,0.0,Thursday,False
2025-07-03,HEAT,89,31.1,20.6,0.0,0.0,Thursday,False
2025-07-03,NOISE,1733,31.1,20.6,0.0,0.0,Thursday,False
2025-07-03,OTHER,1214,31.1,20.6,0.0,0.0,Thursday,False
2025-07-03,PARKING,2180,31.1,20.6,0.0,0.0,Thursday,False
2025-07-03,SANITATION,765,31.1,20.6,0.0,0.0,Thursday,False
2025-07-03,SOCIAL,701,31.1,20.6,0.0,0.0,Thursday,False
2025-07-03,STREET,1105,31.1,20.6,0.0,0.0,Thursday,False
2025-07-04,BUILDING,1093,28.3,19.4,0.0,0.0,Friday,False
2025-07-04,FLOODING,42,28.3,19.4,0.0,0.0,Friday,False
2025-07-04,HEAT,63,28.3,19.4,0.0,0.0,Friday,False
2025-07-04,NOISE,3313,28.3,19.4,0.0,0.0,Friday,False
2025-07-04,OTHER,3536,28.3,19.4,0.0,0.0,Friday,False
2025-07-04,PARKING,1701,28.3,19.4,0.0,0.0,Friday,False
2025-07-04,SANITATION,384,28.3,19.4,0.0,0.0,Friday,False
2025-07-04,SOCIAL,671,28.3,19.4,0.0,0.0,Friday,False
2025-07-04,STREET,462,28.3,19.4,0.0,0.0,Friday,False
2025-07-05,BUILDING,1454,28.9,20.0,0.0,0.0,Saturday,True
2025-07-05,FLOODING,52,28.9,20.0,0.0,0.0,Saturday,True
2025-07-05,HEAT,63,28.9,20.0,0.0,0.0,Saturday,True
2025-07-05,NOISE,4181,28.9,20.0,0.0,0.0,Saturday,True
2025-07-05,OTHER,2140,28.9,20.0,0.0,0.0,Saturday,True
2025-07-05,PARKING,1819,28.9,20.0,0.0,0.0,Saturday,True
2025-07-05,SANITATION,467,28.9,20.0,0.0,0.0,Saturday,True
2025-07-05,SOCIAL,635,28.9,20.0,0.0,0.0,Saturday,True
2025-07-05,STREET,622,28.9,20.0,0.0,0.0,Saturday,True
2025-07-06,BUILDING,1590,30.6,22.2,0.0,0.0,Sunday,True
2025-07-06,FLOODING,47,30.6,22.2,0.0,0.0,Sunday,True
2025-07-06,HEAT,84,30.6,22.2,0.0,0.0,Sunday,True
2025-07-06,NOISE,3101,30.6,22.2,0.0,0.0,Sunday,True
2025-07-06,OTHER,978,30.6,22.2,0.0,0.0,Sunday,True
2025-07-06,PARKING,1994,30.6,22.2,0.0,0.0,Sunday,True
2025-07-06,SANITATION,507,30.6,22.2,0.0,0.0,Sunday,True
2025-07-06,SOCIAL,611,30.6,22.2,0.0,0.0,Sunday,True
2025-07-06,STREET,535,30.6,22.2,0.0,0.0,Sunday,True
2025-07-07,BUILDING,2894,30.6,24.4,0.0,0.0,Monday,False
2025-07-07,FLOODING,69,30.6,24.4,0.0,0.0,Monday,False
2025-07-07,HEAT,114,30.6,24.4,0.0,0.0,Monday,False
2025-07-07,NOISE,1284,30.6,24.4,0.0,0.0,Monday,False
2025-07-07,OTHER,794,30.6,24.4,0.0,0.0,Monday,False
2025-07-07,PARKING,2346,30.6,24.4,0.0,0.0,Monday,False
2025-07-07,SANITATION,873,30.6,24.4,0.0,0.0,Monday,False
2025-07-07,SOCIAL,719,30.6,24.4,0.0,0.0,Monday,False
2025-07-07,STREET,1173,30.6,24.4,0.0,0.0,Monday,False
2025-07-08,BUILDING,2932,33.9,22.8,2.3,0.0,Tuesday,False
2025-07-08,FLOODING,99,33.9,22.8,2.3,0.0,Tuesday,False
2025-07-08,HEAT,108,33.9,22.8,2.3,0.0,Tuesday,False
2025-07-08,NOISE,1127,33.9,22.8,2.3,0.0,Tuesday,False
2025-07-08,OTHER,731,33.9,22.8,2.3,0.0,Tuesday,False
2025-07-08,PARKING,2377,33.9,22.8,2.3,0.0,Tuesday,False
2025-07-08,SANITATION,719,33.9,22.8,2.3,0.0,Tuesday,False
2025-07-08,SOCIAL,700,33.9,22.8,2.3,0.0,Tuesday,False
2025-07-08,STREET,1179,33.9,22.8,2.3,0.0,Tuesday,False
2025-07-09,BUILDING,2881,32.2,22.8,1.3,0.0,Wednesday,False
2025-07-09,FLOODING,82,32.2,22.8,1.3,0.0,Wednesday,False
2025-07-09,HEAT,103,32.2,22.8,1.3,0.0,Wednesday,False
2025-07-09,NOISE,1179,32.2,22.8,1.3,0.0,Wednesday,False
2025-07-09,OTHER,676,32.2,22.8,1.3,0.0,Wednesday,False
2025-07-09,PARKING,2423,32.2,22.8,1.3,0.0,Wednesday,False
2025-07-09,SANITATION,662,32.2,22.8,1.3,0.0,Wednesday,False
2025-07-09,SOCIAL,731,32.2,22.8,1.3,0.0,Wednesday,False
2025-07-09,STREET,1239,32.2,22.8,1.3,0.0,Wednesday,False
2025-07-10,BUILDING,2553,28.9,21.1,4.6,0.0,Thursday,False
2025-07-10,FLOODING,92,28.9,21.1,4.6,0.0,Thursday,False
2025-07-10,HEAT,82,28.9,21.1,4.6,0.0,Thursday,False
2025-07-10,NOISE,1339,28.9,21.1,4.6,0.0,Thursday,False
2025-07-10,OTHER,657,28.9,21.1,4.6,0.0,Thursday,False
2025-07-10,PARKING,2499,28.9,21.1,4.6,0.0,Thursday,False
2025-07-10,SANITATION,931,28.9,21.1,4.6,0.0,Thursday,False
2025-07-10,SOCIAL,728,28.9,21.1,4.6,0.0,Thursday,False
2025-07-10,STREET,1284,28.9,21.1,4.6,0.0,Thursday,False
2025-07-11,BUILDING,2318,28.9,22.8,0.0,0.0,Friday,False
2025-07-11,FLOODING,56,28.9,22.8,0.0,0.0,Friday,False
2025-07-11,HEAT,92,28.9,22.8,0.0,0.0,Friday,False
2025-07-11,NOISE,1847,28.9,22.8,0.0,0.0,Friday,False
2025-07-11,OTHER,694,28.9,22.8,0.0,0.0,Friday,False
2025-07-11,PARKING,2440,28.9,22.8,0.0,0.0,Friday,False
2025-07-11,SANITATION,866,28.9,22.8,0.0,0.0,Friday,False
2025-07-11,SOCIAL,651,28.9,22.8,0.0,0.0,Friday,False
2025-07-11,STREET,1079,28.9,22.8,0.0,0.0,Friday,False
2025-07-12,BUILDING,1407,28.3,23.3,0.0,0.0,Saturday,True
2025-07-12,FLOODING,53,28.3,23.3,0.0,0.0,Saturday,True
2025-07-12,HEAT,73,28.3,23.3,0.0,0.0,Saturday,True
2025-07-12,NOISE,3237,28.3,23.3,0.0,0.0,Saturday,True
2025-07-12,OTHER,597,28.3,23.3,0.0,0.0,Saturday,True
2025-07-12,PARKING,2293,28.3,23.3,0.0,0.0,Saturday,True
2025-07-12,SANITATION,649,28.3,23.3,0.0,0.0,Saturday,True
2025-07-12,SOCIAL,673,28.3,23.3,0.0,0.0,Saturday,True
2025-07-12,STREET,538,28.3,23.3,0.0,0.0,Saturday,True
2025-07-13,BUILDING,1424,28.3,21.7,0.0,0.0,Sunday,True
2025-07-13,FLOODING,40,28.3,21.7,0.0,0.0,Sunday,True
2025-07-13,HEAT,89,28.3,21.7,0.0,0.0,Sunday,True
2025-07-13,NOISE,3555,28.3,21.7,0.0,0.0,Sunday,True
2025-07-13,OTHER,557,28.3,21.7,0.0,0.0,Sunday,True
2025-07-13,PARKING,2300,28.3,21.7,0.0,0.0,Sunday,True
2025-07-13,SANITATION,655,28.3,21.7,0.0,0.0,Sunday,True
2025-07-13,SOCIAL,662,28.3,21.7,0.0,0.0,Sunday,True
2025-07-13,STREET,561,28.3,21.7,0.0,0.0,Sunday,True
2025-07-14,BUILDING,2806,29.4,22.8,67.1,0.0,Monday,False
2025-07-14,FLOODING,254,29.4,22.8,67.1,0.0,Monday,False
2025-07-14,HEAT,109,29.4,22.8,67.1,0.0,Monday,False
2025-07-14,NOISE,1198,29.4,22.8,67.1,0.0,Monday,False
2025-07-14,OTHER,737,29.4,22.8,67.1,0.0,Monday,False
2025-07-14,PARKING,2344,29.4,22.8,67.1,0.0,Monday,False
2025-07-14,SANITATION,792,29.4,22.8,67.1,0.0,Monday,False
2025-07-14,SOCIAL,714,29.4,22.8,67.1,0.0,Monday,False
2025-07-14,STREET,1364,29.4,22.8,67.1,0.0,Monday,False
2025-07-15,BUILDING,2775,30.0,22.2,0.0,0.0,Tuesday,False
2025-07-15,FLOODING,220,30.0,22.2,0.0,0.0,Tuesday,False
2025-07-15,HEAT,147,30.0,22.2,0.0,0.0,Tuesday,False
2025-07-15,NOISE,1108,30.0,22.2,0.0,0.0,Tuesday,False
2025-07-15,OTHER,681,30.0,22.2,0.0,0.0,Tuesday,False
2025-07-15,PARKING,2550,30.0,22.2,0.0,0.0,Tuesday,False
2025-07-15,SANITATION,967,30.0,22.2,0.0,0.0,Tuesday,False
2025-07-15,SOCIAL,669,30.0,22.2,0.0,0.0,Tuesday,False
2025-07-15,STREET,1502,30.0,22.2,0.0,0.0,Tuesday,False
2025-07-16,BUILDING,2829,30.6,25.0,0.0,0.0,Wednesday,False
2025-07-16,FLOODING,118,30.6,25.0,0.0,0.0,Wednesday,False
2025-07-16,HEAT,101,30.6,25.0,0.0,0.0,Wednesday,False
2025-07-16,NOISE,1398,30.6,25.0,0.0,0.0,Wednesday,False
2025-07-16,OTHER,852,30.6,25.0,0.0,0.0,Wednesday,False
2025-07-16,PARKING,2368,30.6,25.0,0.0,0.0,Wednesday,False
2025-07-16,SANITATION,859,30.6,25.0,0.0,0.0,Wednesday,False
2025-07-16,SOCIAL,700,30.6,25.0,0.0,0.0,Wednesday,False
2025-07-16,STREET,1288,30.6,25.0,0.0,0.0,Wednesday,False
2025-07-17,BUILDING,2675,32.2,23.9,0.0,0.0,Thursday,False
2025-07-17,FLOODING,124,32.2,23.9,0.0,0.0,Thursday,False
2025-07-17,HEAT,104,32.2,23.9,0.0,0.0,Thursday,False
2025-07-17,NOISE,1470,32.2,23.9,0.0,0.0,Thursday,False
2025-07-17,OTHER,676,32.2,23.9,0.0,0.0,Thursday,False
2025-07-17,PARKING,2378,32.2,23.9,0.0,0.0,Thursday,False
2025-07-17,SANITATION,873,32.2,23.9,0.0,0.0,Thursday,False
2025-07-17,SOCIAL,686,32.2,23.9,0.0,0.0,Thursday,False
2025-07-17,STREET,1243,32.2,23.9,0.0,0.0,Thursday,False
2025-07-18,BUILDING,2291,27.8,22.8,0.0,0.0,Friday,False
2025-07-18,FLOODING,88,27.8,22.8,0.0,0.0,Friday,False
2025-07-18,HEAT,96,27.8,22.8,0.0,0.0,Friday,False
2025-07-18,NOISE,2028,27.8,22.8,0.0,0.0,Friday,False
2025-07-18,OTHER,772,27.8,22.8,0.0,0.0,Friday,False
2025-07-18,PARKING,2440,27.8,22.8,0.0,0.0,Friday,False
2025-07-18,SANITATION,812,27.8,22.8,0.0,0.0,Friday,False
2025-07-18,SOCIAL,665,27.8,22.8,0.0,0.0,Friday,False
2025-07-18,STREET,1028,27.8,22.8,0.0,0.0,Friday,False
2025-07-19,BUILDING,1407,27.2,20.6,0.0,0.0,Saturday,True
2025-07-19,FLOODING,46,27.2,20.6,0.0,0.0,Saturday,True
2025-07-19,HEAT,71,27.2,20.6,0.0,0.0,Saturday,True
2025-07-19,NOISE,3257,27.2,20.6,0.0,0.0,Saturday,True
2025-07-19,OTHER,655,27.2,20.6,0.0,0.0,Saturday,True
2025-07-19,PARKING,2233,27.2,20.6,0.0,0.0,Saturday,True
2025-07-19,SANITATION,609,27.2,20.6,0.0,0.0,Saturday,True
2025-07-19,SOCIAL,648,27.2,20.6,0.0,0.0,Saturday,True
2025-07-19,STREET,527,27.2,20.6,0.0,0.0,Saturday,True
2025-07-20,BUILDING,1450,31.1,23.9,0.0,0.0,Sunday,True
2025-07-20,FLOODING,35,31.1,23.9,0.0,0.0,Sunday,True
2025-07-20,HEAT,64,31.1,23.9,0.0,0.0,Sunday,True
2025-07-20,NOISE,3441,31.1,23.9,0.0,0.0,Sunday,True
2025-07-20,OTHER,492,31.1,23.9,0.0,0.0,Sunday,True
2025-07-20,PARKING,2325,31.1,23.9,0.0,0.0,Sunday,True
2025-07-20,SANITATION,561,31.1,23.9,0.0,0.0,Sunday,True
2025-07-20,SOCIAL,664,31.1,23.9,0.0,0.0,Sunday,True
2025-07-20,STREET,562,31.1,23.9,0.0,0.0,Sunday,True
2025-07-21,BUILDING,2451,29.4,21.7,0.0,0.0,Monday,False
2025-07-21,FLOODING,89,29.4,21.7,0.0,0.0,Monday,False
2025-07-21,HEAT,115,29.4,21.7,0.0,0.0,Monday,False
2025-07-21,NOISE,1874,29.4,21.7,0.0,0.0,Monday,False
2025-07-21,OTHER,735,29.4,21.7,0.0,0.0,Monday,False
2025-07-21,PARKING,2464,29.4,21.7,0.0,0.0,Monday,False
2025-07-21,SANITATION,845,29.4,21.7,0.0,0.0,Monday,False
2025-07-21,SOCIAL,580,29.4,21.7,0.0,0.0,Monday,False
2025-07-21,STREET,1277,29.4,21.7,0.0,0.0,Monday,False
2025-07-22,BUILDING,2391,27.2,19.4,0.0,0.0,Tuesday,False
2025-07-22,FLOODING,77,27.2,19.4,0.0,0.0,Tuesday,False
2025-07-22,HEAT,106,27.2,19.4,0.0,0.0,Tuesday,False
2025-07-22,NOISE,1625,27.2,19.4,0.0,0.0,Tuesday,False
2025-07-22,OTHER,747,27.2,19.4,0.0,0.0,Tuesday,False
2025-07-22,PARKING,2532,27.2,19.4,0.0,0.0,Tuesday,False
2025-07-22,SANITATION,876,27.2,19.4,0.0,0.0,Tuesday,False
2025-07-22,SOCIAL,662,27.2,19.4,0.0,0.0,Tuesday,False
2025-07-22,STREET,1285,27.2,19.4,0.0,0.0,Tuesday,False
2025-07-23,BUILDING,2441,26.7,20.6,0.0,0.0,Wednesday,False
2025-07-23,FLOODING,79,26.7,20.6,0.0,0.0,Wednesday,False
2025-07-23,HEAT,97,26.7,20.6,0.0,0.0,Wednesday,False
2025-07-23,NOISE,1630,26.7,20.6,0.0,0.0,Wednesday,False
2025-07-23,OTHER,760,26.7,20.6,0.0,0.0,Wednesday,False
2025-07-23,PARKING,2387,26.7,20.6,0.0,0.0,Wednesday,False
2025-07-23,SANITATION,860,26.7,20.6,0.0,0.0,Wednesday,False
2025-07-23,SOCIAL,663,26.7,20.6,0.0,0.0,Wednesday,False
2025-07-23,STREET,1188,26.7,20.6,0.0,0.0,Wednesday,False
2025-07-24,BUILDING,2296,30.6,21.1,0.0,0.0,Thursday,False
2025-07-24,FLOODING,76,30.6,21.1,0.0,0.0,Thursday,False
2025-07-24,HEAT,88,30.6,21.1,0.0,0.0,Thursday,False
2025-07-24,NOISE,1651,30.6,21.1,0.0,0.0,Thursday,False
2025-07-24,OTHER,657,30.6,21.1,0.0,0.0,Thursday,False
2025-07-24,PARKING,2381,30.6,21.1,0.0,0.0,Thursday,False
2025-07-24,SANITATION,855,30.6,21.1,0.0,0.0,Thursday,False
2025-07-24,SOCIAL,897,30.6,21.1,0.0,0.0,Thursday,False
2025-07-24,STREET,1180,30.6,21.1,0.0,0.0,Thursday,False
2025-07-25,BUILDING,2213,35.0,24.4,0.3,0.0,Friday,False
2025-07-25,FLOODING,111,35.0,24.4,0.3,0.0,Friday,False
2025-07-25,HEAT,82,35.0,24.4,0.3,0.0,Friday,False
2025-07-25,NOISE,1837,35.0,24.4,0.3,0.0,Friday,False
2025-07-25,OTHER,647,35.0,24.4,0.3,0.0,Friday,False
2025-07-25,PARKING,2345,35.0,24.4,0.3,0.0,Friday,False
2025-07-25,SANITATION,763,35.0,24.4,0.3,0.0,Friday,False
2025-07-25,SOCIAL,622,35.0,24.4,0.3,0.0,Friday,False
2025-07-25,STREET,1448,35.0,24.4,0.3,0.0,Friday,False
2025-07-26,BUILDING,1393,29.4,23.3,0.0,0.0,Saturday,True
2025-07-26,FLOODING,42,29.4,23.3,0.0,0.0,Saturday,True
2025-07-26,HEAT,96,29.4,23.3,0.0,0.0,Saturday,True
2025-07-26,NOISE,3606,29.4,23.3,0.0,0.0,Saturday,True
2025-07-26,OTHER,524,29.4,23.3,0.0,0.0,Saturday,True
2025-07-26,PARKING,2253,29.4,23.3,0.0,0.0,Saturday,True
2025-07-26,SANITATION,557,29.4,23.3,0.0,0.0,Saturday,True
2025-07-26,SOCIAL,555,29.4,23.3,0.0,0.0,Saturday,True
2025-07-26,STREET,745,29.4,23.3,0.0,0.0,Saturday,True
2025-07-27,BUILDING,1139,28.9,22.8,0.0,0.0,Sunday,True
2025-07-27,FLOODING,35,28.9,22.8,0.0,0.0,Sunday,True
2025-07-27,HEAT,97,28.9,22.8,0.0,0.0,Sunday,True
2025-07-27,NOISE,4076,28.9,22.8,0.0,0.0,Sunday,True
2025-07-27,OTHER,413,28.9,22.8,0.0,0.0,Sunday,True
2025-07-27,PARKING,2245,28.9,22.8,0.0,0.0,Sunday,True
2025-07-27,SANITATION,684,28.9,22.8,0.0,0.0,Sunday,True
2025-07-27,SOCIAL,539,28.9,22.8,0.0,0.0,Sunday,True
2025-07-27,STREET,636,28.9,22.8,0.0,0.0,Sunday,True
2025-07-28,BUILDING,3291,34.4,24.4,0.0,0.0,Monday,False
2025-07-28,FLOODING,64,34.4,24.4,0.0,0.0,Monday,False
2025-07-28,HEAT,99,34.4,24.4,0.0,0.0,Monday,False
2025-07-28,NOISE,1603,34.4,24.4,0.0,0.0,Monday,False
2025-07-28,OTHER,664,34.4,24.4,0.0,0.0,Monday,False
2025-07-28,PARKING,2458,34.4,24.4,0.0,0.0,Monday,False
2025-07-28,SANITATION,859,34.4,24.4,0.0,0.0,Monday,False
2025-07-28,SOCIAL,658,34.4,24.4,0.0,0.0,Monday,False
2025-07-28,STREET,1255,34.4,24.4,0.0,0.0,Monday,False
2025-07-29,BUILDING,3316,36.1,25.6,0.0,0.0,Tuesday,False
2025-07-29,FLOODING,77,36.1,25.6,0.0,0.0,Tuesday,False
2025-07-29,HEAT,118,36.1,25.6,0.0,0.0,Tuesday,False
2025-07-29,NOISE,1492,36.1,25.6,0.0,0.0,Tuesday,False
2025-07-29,OTHER,739,36.1,25.6,0.0,0.0,Tuesday,False
2025-07-29,PARKING,2413,36.1,25.6,0.0,0.0,Tuesday,False
2025-07-29,SANITATION,918,36.1,25.6,0.0,0.0,Tuesday,False
2025-07-29,SOCIAL,698,36.1,25.6,0.0,0.0,Tuesday,False
2025-07-29,STREET,1260,36.1,25.6,0.0,0.0,Tuesday,False
2025-07-30,BUILDING,3166,35.0,23.9,7.1,0.0,Wednesday,False
2025-07-30,FLOODING,126,35.0,23.9,7.1,0.0,Wednesday,False
2025-07-30,HEAT,111,35.0,23.9,7.1,0.0,Wednesday,False
2025-07-30,NOISE,1242,35.0,23.9,7.1,0.0,Wednesday,False
2025-07-30,OTHER,652,35.0,23.9,7.1,0.0,Wednesday,False
2025-07-30,PARKING,2283,35.0,23.9,7.1,0.0,Wednesday,False
2025-07-30,SANITATION,846,35.0,23.9,7.1,0.0,Wednesday,False
2025-07-30,SOCIAL,611,35.0,23.9,7.1,0.0,Wednesday,False
2025-07-30,STREET,1117,35.0,23.9,7.1,0.0,Wednesday,False
2025-07-31,BUILDING,2791,31.7,18.3,8.1,0.0,Thursday,False
2025-07-31,FLOODING,543,31.7,18.3,8.1,0.0,Thursday,False
2025-07-31,HEAT,83,31.7,18.3,8.1,0.0,Thursday,False
2025-07-31,NOISE,1083,31.7,18.3,8.1,0.0,Thursday,False
2025-07-31,OTHER,588,31.7,18.3,8.1,0.0,Thursday,False
2025-07-31,PARKING,2119,31.7,18.3,8.1,0.0,Thursday,False
2025-07-31,SANITATION,791,31.7,18.3,8.1,0.0,Thursday,False
2025-07-31,SOCIAL,546,31.7,18.3,8.1,0.0,Thursday,False
2025-07-31,STREET,1399,31.7,18.3,8.1,0.0,Thursday,False
2025-08-01,BUILDING,2030,22.8,17.2,0.0,0.0,Friday,False
2025-08-01,FLOODING,283,22.8,17.2,0.0,0.0,Friday,False
2025-08-01,HEAT,95,22.8,17.2,0.0,0.0,Friday,False
2025-08-01,NOISE,1999,22.8,17.2,0.0,0.0,Friday,False
2025-08-01,OTHER,637,22.8,17.2,0.0,0.0,Friday,False
2025-08-01,PARKING,2250,22.8,17.2,0.0,0.0,Friday,False
2025-08-01,SANITATION,844,22.8,17.2,0.0,0.0,Friday,False
2025-08-01,SOCIAL,680,22.8,17.2,0.0,0.0,Friday,False
2025-08-01,STREET,1235,22.8,17.2,0.0,0.0,Friday,False
2025-08-02,BUILDING,1212,26.7,17.2,0.0,0.0,Saturday,True
2025-08-02,FLOODING,93,26.7,17.2,0.0,0.0,Saturday,True
2025-08-02,HEAT,68,26.7,17.2,0.0,0.0,Saturday,True
2025-08-02,NOISE,4511,26.7,17.2,0.0,0.0,Saturday,True
2025-08-02,OTHER,500,26.7,17.2,0.0,0.0,Saturday,True
2025-08-02,PARKING,2126,26.7,17.2,0.0,0.0,Saturday,True
2025-08-02,SANITATION,597,26.7,17.2,0.0,0.0,Saturday,True
2025-08-02,SOCIAL,652,26.7,17.2,0.0,0.0,Saturday,True
2025-08-02,STREET,642,26.7,17.2,0.0,0.0,Saturday,True
2025-08-03,BUILDING,1112,28.9,17.8,0.0,0.0,Sunday,True
2025-08-03,FLOODING,58,28.9,17.8,0.0,0.0,Sunday,True
2025-08-03,HEAT,78,28.9,17.8,0.0,0.0,Sunday,True
2025-08-03,NOISE,4078,28.9,17.8,0.0,0.0,Sunday,True
2025-08-03,OTHER,481,28.9,17.8,0.0,0.0,Sunday,True
2025-08-03,PARKING,2238,28.9,17.8,0.0,0.0,Sunday,True
2025-08-03,SANITATION,624,28.9,17.8,0.0,0.0,Sunday,True
2025-08-03,SOCIAL,615,28.9,17.8,0.0,0.0,Sunday,True
2025-08-03,STREET,660,28.9,17.8,0.0,0.0,Sunday,True
2025-08-04,BUILDING,2503,31.7,19.4,0.0,0.0,Monday,False
2025-08-04,FLOODING,130,31.7,19.4,0.0,0.0,Monday,False
2025-08-04,HEAT,98,31.7,19.4,0.0,0.0,Monday,False
2025-08-04,NOISE,1910,31.7,19.4,0.0,0.0,Monday,False
2025-08-04,OTHER,731,31.7,19.4,0.0,0.0,Monday,False
2025-08-04,PARKING,2554,31.7,19.4,0.0,0.0,Monday,False
2025-08-04,SANITATION,793,31.7,19.4,0.0,0.0,Monday,False
2025-08-04,SOCIAL,639,31.7,19.4,0.0,0.0,Monday,False
2025-08-04,STREET,1237,31.7,19.4,0.0,0.0,Monday,False
2025-08-05,BUILDING,2344,30.0,21.7,0.0,0.0,Tuesday,False
2025-08-05,FLOODING,88,30.0,21.7,0.0,0.0,Tuesday,False
2025-08-05,HEAT,102,30.0,21.7,0.0,0.0,Tuesday,False
2025-08-05,NOISE,1548,30.0,21.7,0.0,0.0,Tuesday,False
2025-08-05,OTHER,640,30.0,21.7,0.0,0.0,Tuesday,False
2025-08-05,PARKING,2483,30.0,21.7,0.0,0.0,Tuesday,False
2025-08-05,SANITATION,934,30.0,21.7,0.0,0.0,Tuesday,False
2025-08-05,SOCIAL,710,30.0,21.7,0.0,0.0,Tuesday,False
2025-08-05,STREET,1273,30.0,21.7,0.0,0.0,Tuesday,False
2025-08-06,BUILDING,2261,26.1,17.8,1.5,0.0,Wednesday,False
2025-08-06,FLOODING,94,26.1,17.8,1.5,0.0,Wednesday,False
2025-08-06,HEAT,79,26.1,17.8,1.5,0.0,Wednesday,False
2025-08-06,NOISE,1601,26.1,17.8,1.5,0.0,Wednesday,False
2025-08-06,OTHER,585,26.1,17.8,1.5,0.0,Wednesday,False
2025-08-06,PARKING,2368,26.1,17.8,1.5,0.0,Wednesday,False
2025-08-06,SANITATION,902,26.1,17.8,1.5,0.0,Wednesday,False
2025-08-06,SOCIAL,794,26.1,17.8,1.5,0.0,Wednesday,False
2025-08-06,STREET,1157,26.1,17.8,1.5,0.0,Wednesday,False
2025-08-07,BUILDING,2341,27.2,17.8,0.0,0.0,Thursday,False
2025-08-07,FLOODING,98,27.2,17.8,0.0,0.0,Thursday,False
2025-08-07,HEAT,75,27.2,17.8,0.0,0.0,Thursday,False
2025-08-07,NOISE,1692,27.2,17.8,0.0,0.0,Thursday,False
2025-08-07,OTHER,674,27.2,17.8,0.0,0.0,Thursday,False
2025-08-07,PARKING,2364,27.2,17.8,0.0,0.0,Thursday,False
2025-08-07,SANITATION,846,27.2,17.8,0.0,0.0,Thursday,False
2025-08-07,SOCIAL,841,27.2,17.8,0.0,0.0,Thursday,False
2025-08-07,STREET,1166,27.2,17.8,0.0,0.0,Thursday,False
2025-08-08,BUILDING,2023,27.8,17.2,0.0,0.0,Friday,False
2025-08-08,FLOODING,77,27.8,17.2,0.0,0.0,Friday,False
2025-08-08,HEAT,79,27.8,17.2,0.0,0.0,Friday,False
2025-08-08,NOISE,2267,27.8,17.2,0.0,0.0,Friday,False
2025-08-08,OTHER,658,27.8,17.2,0.0,0.0,Friday,False
2025-08-08,PARKING,2304,27.8,17.2,0.0,0.0,Friday,False
2025-08-08,SANITATION,731,27.8,17.2,0.0,0.0,Friday,False
2025-08-08,SOCIAL,710,27.8,17.2,0.0,0.0,Friday,False
2025-08-08,STREET,1017,27.8,17.2,0.0,0.0,Friday,False
2025-08-09,BUILDING,1271,29.4,17.8,0.0,0.0,Saturday,True
2025-08-09,FLOODING,57,29.4,17.8,0.0,0.0,Saturday,True
2025-08-09,HEAT,71,29.4,17.8,0.0,0.0,Saturday,True
2025-08-09,NOISE,3789,29.4,17.8,0.0,0.0,Saturday,True
2025-08-09,OTHER,478,29.4,17.8,0.0,0.0,Saturday,True
2025-08-09,PARKING,2171,29.4,17.8,0.0,0.0,Saturday,True
2025-08-09,SANITATION,569,29.4,17.8,0.0,0.0,Saturday,True
2025-08-09,SOCIAL,650,29.4,17.8,0.0,0.0,Saturday,True
2025-08-09,STREET,571,29.4,17.8,0.0,0.0,Saturday,True
2025-08-10,BUILDING,1221,32.2,20.6,0.0,0.0,Sunday,True
2025-08-10,FLOODING,41,32.2,20.6,0.0,0.0,Sunday,True
2025-08-10,HEAT,84,32.2,20.6,0.0,0.0,Sunday,True
2025-08-10,NOISE,3974,32.2,20.6,0.0,0.0,Sunday,True
2025-08-10,OTHER,484,32.2,20.6,0.0,0.0,Sunday,True
2025-08-10,PARKING,2100,32.2,20.6,0.0,0.0,Sunday,True
2025-08-10,SANITATION,569,32.2,20.6,0.0,0.0,Sunday,True
2025-08-10,SOCIAL,550,32.2,20.6,0.0,0.0,Sunday,True
2025-08-10,STREET,604,32.2,20.6,0.0,0.0,Sunday,True
2025-08-11,BUILDING,2398,31.7,22.2,0.0,0.0,Monday,False
2025-08-11,FLOODING,86,31.7,22.2,0.0,0.0,Monday,False
2025-08-11,HEAT,97,31.7,22.2,0.0,0.0,Monday,False
2025-08-11,NOISE,1806,31.7,22.2,0.0,0.0,Monday,False
2025-08-11,OTHER,685,31.7,22.2,0.0,0.0,Monday,False
2025-08-11,PARKING,2516,31.7,22.2,0.0,0.0,Monday,False
2025-08-11,SANITATION,797,31.7,22.2,0.0,0.0,Monday,False
2025-08-11,SOCIAL,778,31.7,22.2,0.0,0.0,Monday,False
2025-08-11,STREET,1201,31.7,22.2,0.0,0.0,Monday,False
2025-08-12,BUILDING,2477,32.8,21.7,0.0,0.0,Tuesday,False
2025-08-12,FLOODING,56,32.8,21.7,0.0,0.0,Tuesday,False
2025-08-12,HEAT,94,32.8,21.7,0.0,0.0,Tuesday,False
2025-08-12,NOISE,1392,32.8,21.7,0.0,0.0,Tuesday,False
2025-08-12,OTHER,686,32.8,21.7,0.0,0.0,Tuesday,False
2025-08-12,PARKING,2624,32.8,21.7,0.0,0.0,Tuesday,False
2025-08-12,SANITATION,840,32.8,21.7,0.0,0.0,Tuesday,False
2025-08-12,SOCIAL,712,32.8,21.7,0.0,0.0,Tuesday,False
2025-08-12,STREET,1252,32.8,21.7,0.0,0.0,Tuesday,False
2025-08-13,BUILDING,2484,31.7,21.7,18.0,0.0,Wednesday,False
2025-08-13,FLOODING,194,31.7,21.7,18.0,0.0,Wednesday,False
2025-08-13,HEAT,106,31.7,21.7,18.0,0.0,Wednesday,False
2025-08-13,NOISE,1184,31.7,21.7,18.0,0.0,Wednesday,False
2025-08-13,OTHER,691,31.7,21.7,18.0,0.0,Wednesday,False
2025-08-13,PARKING,2359,31.7,21.7,18.0,0.0,Wednesday,False
2025-08-13,SANITATION,807,31.7,21.7,18.0,0.0,Wednesday,False
2025-08-13,SOCIAL,793,31.7,21.7,18.0,0.0,Wednesday,False
2025-08-13,STREET,1286,31.7,21.7,18.0,0.0,Wednesday,False
2025-08-14,BUILDING,2318,31.7,22.8,0.0,0.0,Thursday,False
2025-08-14,FLOODING,154,31.7,22.8,0.0,0.0,Thursday,False
2025-08-14,HEAT,94,31.7,22.8,0.0,0.0,Thursday,False
2025-08-14,NOISE,1391,31.7,22.8,0.0,0.0,Thursday,False
2025-08-14,OTHER,610,31.7,22.8,0.0,0.0,Thursday,False
2025-08-14,PARKING,2474,31.7,22.8,0.0,0.0,Thursday,False
2025-08-14,SANITATION,892,31.7,22.8,0.0,0.0,Thursday,False
2025-08-14,SOCIAL,725,31.7,22.8,0.0,0.0,Thursday,False
2025-08-14,STREET,1386,31.7,22.8,0.0,0.0,Thursday,False
2025-08-15,BUILDING,2111,31.7,23.3,0.0,0.0,Friday,False
2025-08-15,FLOODING,111,31.7,23.3,0.0,0.0,Friday,False
2025-08-15,HEAT,84,31.7,23.3,0.0,0.0,Friday,False
2025-08-15,NOISE,1996,31.7,23.3,0.0,0.0,Friday,False
2025-08-15,OTHER,739,31.7,23.3,0.0,0.0,Friday,False
2025-08-15,PARKING,2457,31.7,23.3,0.0,0.0,Friday,False
2025-08-15,SANITATION,781,31.7,23.3,0.0,0.0,Friday,False
2025-08-15,SOCIAL,656,31.7,23.3,0.0,0.0,Friday,False
2025-08-15,STREET,999,31.7,23.3,0.0,0.0,Friday,False
2025-08-16,BUILDING,1407,28.9,23.3,0.0,0.0,Saturday,True
2025-08-16,FLOODING,48,28.9,23.3,0.0,0.0,Saturday,True
2025-08-16,HEAT,69,28.9,23.3,0.0,0.0,Saturday,True
2025-08-16,NOISE,3280,28.9,23.3,0.0,0.0,Saturday,True
2025-08-16,OTHER,537,28.9,23.3,0.0,0.0,Saturday,True
2025-08-16,PARKING,2089,28.9,23.3,0.0,0.0,Saturday,True
2025-08-16,SANITATION,580,28.9,23.3,0.0,0.0,Saturday,True
2025-08-16,SOCIAL,651,28.9,23.3,0.0,0.0,Saturday,True
2025-08-16,STREET,536,28.9,23.3,0.0,0.0,Saturday,True
2025-08-17,BUILDING,1299,32.8,22.8,16.8,0.0,Sunday,True
2025-08-17,FLOODING,94,32.8,22.8,16.8,0.0,Sunday,True
2025-08-17,HEAT,76,32.8,22.8,16.8,0.0,Sunday,True
2025-08-17,NOISE,2981,32.8,22.8,16.8,0.0,Sunday,True
2025-08-17,OTHER,433,32.8,22.8,16.8,0.0,Sunday,True
2025-08-17,PARKING,2146,32.8,22.8,16.8,0.0,Sunday,True
2025-08-17,SANITATION,597,32.8,22.8,16.8,0.0,Sunday,True
2025-08-17,SOCIAL,567,32.8,22.8,16.8,0.0,Sunday,True
2025-08-17,STREET,561,32.8,22.8,16.8,0.0,Sunday,True
2025-08-18,BUILDING,2546,23.9,18.9,0.0,0.0,Monday,False
2025-08-18,FLOODING,138,23.9,18.9,0.0,0.0,Monday,False
2025-08-18,HEAT,101,23.9,18.9,0.0,0.0,Monday,False
2025-08-18,NOISE,1730,23.9,18.9,0.0,0.0,Monday,False
2025-08-18,OTHER,661,23.9,18.9,0.0,0.0,Monday,False
2025-08-18,PARKING,2411,23.9,18.9,0.0,0.0,Monday,False
2025-08-18,SANITATION,725,23.9,18.9,0.0,0.0,Monday,False
2025-08-18,SOCIAL,644,23.9,18.9,0.0,0.0,Monday,False
2025-08-18,STREET,1208,23.9,18.9,0.0,0.0,Monday,False
2025-08-19,BUILDING,2277,25.0,18.3,0.0,0.0,Tuesday,False
2025-08-19,FLOODING,107,25.0,18.3,0.0,0.0,Tuesday,False
2025-08-19,HEAT,101,25.0,18.3,0.0,0.0,Tuesday,False
2025-08-19,NOISE,1730,25.0,18.3,0.0,0.0,Tuesday,False
2025-08-19,OTHER,686,25.0,18.3,0.0,0.0,Tuesday,False
2025-08-19,PARKING,2513,25.0,18.3,0.0,0.0,Tuesday,False
2025-08-19,SANITATION,737,25.0,18.3,0.0,0.0,Tuesday,False
2025-08-19,SOCIAL,669,25.0,18.3,0.0,0.0,Tuesday,False
2025-08-19,STREET,1139,25.0,18.3,0.0,0.0,Tuesday,False
2025-08-20,BUILDING,2226,21.1,14.4,13.0,0.0,Wednesday,False
2025-08-20,FLOODING,103,21.1,14.4,13.0,0.0,Wednesday,False
2025-08-20,HEAT,95,21.1,14.4,13.0,0.0,Wednesday,False
2025-08-20,NOISE,1278,21.1,14.4,13.0,0.0,Wednesday,False
2025-08-20,OTHER,662,21.1,14.4,13.0,0.0,Wednesday,False
2025-08-20,PARKING,1971,21.1,14.4,13.0,0.0,Wednesday,False
2025-08-20,SANITATION,641,21.1,14.4,13.0,0.0,Wednesday,False
2025-08-20,SOCIAL,600,21.1,14.4,13.0,0.0,Wednesday,False
2025-08-20,STREET,1082,21.1,14.4,13.0,0.0,Wednesday,False
2025-08-21,BUILDING,2093,22.2,15.0,6.9,0.0,Thursday,False
2025-08-21,FLOODING,90,22.2,15.0,6.9,0.0,Thursday,False
2025-08-21,HEAT,115,22.2,15.0,6.9,0.0,Thursday,False
2025-08-21,NOISE,1644,22.2,15.0,6.9,0.0,Thursday,False
2025-08-21,OTHER,623,22.2,15.0,6.9,0.0,Thursday,False
2025-08-21,PARKING,2242,22.2,15.0,6.9,0.0,Thursday,False
2025-08-21,SANITATION,701,22.2,15.0,6.9,0.0,Thursday,False
2025-08-21,SOCIAL,588,22.2,15.0,6.9,0.0,Thursday,False
2025-08-21,STREET,1254,22.2,15.0,6.9,0.0,Thursday,False
2025-08-22,BUILDING,1781,28.3,14.4,0.0,0.0,Friday,False
2025-08-22,FLOODING,55,28.3,14.4,0.0,0.0,Friday,False
2025-08-22,HEAT,85,28.3,14.4,0.0,0.0,Friday,False
2025-08-22,NOISE,2529,28.3,14.4,0.0,0.0,Friday,False
2025-08-22,OTHER,637,28.3,14.4,0.0,0.0,Friday,False
2025-08-22,PARKING,2311,28.3,14.4,0.0,0.0,Friday,False
2025-08-22,SANITATION,705,28.3,14.4,0.0,0.0,Friday,False
2025-08-22,SOCIAL,704,28.3,14.4,0.0,0.0,Friday,False
2025-08-22,STREET,1099,28.3,14.4,0.0,0.0,Friday,False
2025-08-23,BUILDING,1154,27.8,19.4,0.0,0.0,Saturday,True
2025-08-23,FLOODING,44,27.8,19.4,0.0,0.0,Saturday,True
2025-08-23,HEAT,99,27.8,19.4,0.0,0.0,Saturday,True
2025-08-23,NOISE,4303,27.8,19.4,0.0,0.0,Saturday,True
2025-08-23,OTHER,455,27.8,19.4,0.0,0.0,Saturday,True
2025-08-23,PARKING,2114,27.8,19.4,0.0,0.0,Saturday,True
2025-08-23,SANITATION,555,27.8,19.4,0.0,0.0,Saturday,True
2025-08-23,SOCIAL,702,27.8,19.4,0.0,0.0,Saturday,True
2025-08-23,STREET,589,27.8,19.4,0.0,0.0,Saturday,True
2025-08-24,BUILDING,1099,26.7,19.4,0.0,0.0,Sunday,True
2025-08-24,FLOODING,43,26.7,19.4,0.0,0.0,Sunday,True
2025-08-24,HEAT,99,26.7,19.4,0.0,0.0,Sunday,True
2025-08-24,NOISE,3846,26.7,19.4,0.0,0.0,Sunday,True
2025-08-24,OTHER,481,26.7,19.4,0.0,0.0,Sunday,True
2025-08-24,PARKING,2096,26.7,19.4,0.0,0.0,Sunday,True
2025-08-24,SANITATION,613,26.7,19.4,0.0,0.0,Sunday,True
2025-08-24,SOCIAL,635,26.7,19.4,0.0,0.0,Sunday,True
2025-08-24,STREET,612,26.7,19.4,0.0,0.0,Sunday,True
2025-08-25,BUILDING,2632,30.0,21.1,0.0,0.0,Monday,False
2025-08-25,FLOODING,58,30.0,21.1,0.0,0.0,Monday,False
2025-08-25,HEAT,113,30.0,21.1,0.0,0.0,Monday,False
2025-08-25,NOISE,1797,30.0,21.1,0.0,0.0,Monday,False
2025-08-25,OTHER,651,30.0,21.1,0.0,0.0,Monday,False
2025-08-25,PARKING,2381,30.0,21.1,0.0,0.0,Monday,False
2025-08-25,SANITATION,759,30.0,21.1,0.0,0.0,Monday,False
2025-08-25,SOCIAL,678,30.0,21.1,0.0,0.0,Monday,False
2025-08-25,STREET,1183,30.0,21.1,0.0,0.0,Monday,False
2025-08-26,BUILDING,2194,26.1,17.2,0.0,0.0,Tuesday,False
2025-08-26,FLOODING,78,26.1,17.2,0.0,0.0,Tuesday,False
2025-08-26,HEAT,140,26.1,17.2,0.0,0.0,Tuesday,False
2025-08-26,NOISE,1805,26.1,17.2,0.0,0.0,Tuesday,False
2025-08-26,OTHER,701,26.1,17.2,0.0,0.0,Tuesday,False
2025-08-26,PARKING,2444,26.1,17.2,0.0,0.0,Tuesday,False
2025-08-26,SANITATION,742,26.1,17.2,0.0,0.0,Tuesday,False
2025-08-26,SOCIAL,690,26.1,17.2,0.0,0.0,Tuesday,False
2025-08-26,STREET,1158,26.1,17.2,0.0,0.0,Tuesday,False
2025-08-27,BUILDING,2109,23.9,16.1,0.0,0.0,Wednesday,False
2025-08-27,FLOODING,67,23.9,16.1,0.0,0.0,Wednesday,False
2025-08-27,HEAT,109,23.9,16.1,0.0,0.0,Wednesday,False
2025-08-27,NOISE,1861,23.9,16.1,0.0,0.0,Wednesday,False
2025-08-27,OTHER,582,23.9,16.1,0.0,0.0,Wednesday,False
2025-08-27,PARKING,2344,23.9,16.1,0.0,0.0,Wednesday,False
2025-08-27,SANITATION,770,23.9,16.1,0.0,0.0,Wednesday,False
2025-08-27,SOCIAL,669,23.9,16.1,0.0,0.0,Wednesday,False
2025-08-27,STREET,1058,23.9,16.1,0.0,0.0,Wednesday,False
2025-08-28,BUILDING,2027,25.6,16.1,0.0,0.0,Thursday,False
2025-08-28,FLOODING,70,25.6,16.1,0.0,0.0,Thursday,False
2025-08-28,HEAT,95,25.6,16.1,0.0,0.0,Thursday,False
2025-08-28,NOISE,1939,25.6,16.1,0.0,0.0,Thursday,False
2025-08-28,OTHER,563,25.6,16.1,0.0,0.0,Thursday,False
2025-08-28,PARKING,2383,25.6,16.1,0.0,0.0,Thursday,False
2025-08-28,SANITATION,777,25.6,16.1,0.0,0.0,Thursday,False
2025-08-28,SOCIAL,663,25.6,16.1,0.0,0.0,Thursday,False
2025-08-28,STREET,1032,25.6,16.1,0.0,0.0,Thursday,False
2025-08-29,BUILDING,1820,25.6,18.3,0.0,0.0,Friday,False
2025-08-29,FLOODING,48,25.6,18.3,0.0,0.0,Friday,False
2025-08-29,HEAT,108,25.6,18.3,0.0,0.0,Friday,False
2025-08-29,NOISE,2305,25.6,18.3,0.0,0.0,Friday,False
2025-08-29,OTHER,542,25.6,18.3,0.0,0.0,Friday,False
2025-08-29,PARKING,2326,25.6,18.3,0.0,0.0,Friday,False
2025-08-29,SANITATION,707,25.6,18.3,0.0,0.0,Friday,False
2025-08-29,SOCIAL,667,25.6,18.3,0.0,0.0,Friday,False
2025-08-29,STREET,903,25.6,18.3,0.0,0.0,Friday,False
2025-08-30,BUILDING,1099,24.4,13.9,0.0,0.0,Saturday,True
2025-08-30,FLOODING,39,24.4,13.9,0.0,0.0,Saturday,True
2025-08-30,HEAT,80,24.4,13.9,0.0,0.0,Saturday,True
2025-08-30,NOISE,4061,24.4,13.9,0.0,0.0,Saturday,True
2025-08-30,OTHER,477,24.4,13.9,0.0,0.0,Saturday,True
2025-08-30,PARKING,2114,24.4,13.9,0.0,0.0,Saturday,True
2025-08-30,SANITATION,527,24.4,13.9,0.0,0.0,Saturday,True
2025-08-30,SOCIAL,498,24.4,13.9,0.0,0.0,Saturday,True
2025-08-30,STREET,496,24.4,13.9,0.0,0.0,Saturday,True
2025-08-31,BUILDING,941,26.1,15.0,0.0,0.0,Sunday,True
2025-08-31,FLOODING,33,26.1,15.0,0.0,0.0,Sunday,True
2025-08-31,HEAT,140,26.1,15.0,0.0,0.0,Sunday,True
2025-08-31,NOISE,4614,26.1,15.0,0.0,0.0,Sunday,True
2025-08-31,OTHER,462,26.1,15.0,0.0,0.0,Sunday,True
2025-08-31,PARKING,2100,26.1,15.0,0.0,0.0,Sunday,True
2025-08-31,SANITATION,543,26.1,15.0,0.0,0.0,Sunday,True
2025-08-31,SOCIAL,528,26.1,15.0,0.0,0.0,Sunday,True
2025-08-31,STREET,457,26.1,15.0,0.0,0.0,Sunday,True
